group_id,route,domain,gold_count,unique_gold_A,step,order,gold_count_bin,unique_gold_A_bin,stage,group_position,baseline_primary_reward_mean,baseline_primary_reward_std,baseline_zero_std,baseline_all_zero,baseline_Exact,baseline_AB,baseline_A,baseline_Beam_invalid,dsr_primary_reward_mean,dsr_primary_reward_std,dsr_zero_std,dsr_all_zero,dsr_Exact,dsr_AB,dsr_A,dsr_Beam_invalid,baseline_rollout_reward_mean,baseline_rollout_reward_std,baseline_rollout_zero_std_ratio,baseline_rollout_invalid_outputs,dsr_rollout_reward_mean,dsr_rollout_reward_std,dsr_rollout_zero_std_ratio,dsr_rollout_invalid_outputs,direct_group_provenance,Raw_N,Grounded_N,Coverage,Raw_Grounded_gap,D_cot,S_cot,S_prefix,S_explore,S_dead,S_aux,A_aux,DSR_branch,think_candidate_coverage_provenance,A_concentration,Gold_A_hit,Gold_AB_hit,Exact_hit,rescue_active,lambda_A,K_A_concentration,frequency_weights,rescue_coefficient
0d3b5e5ef4df6c333ca9f556c22b3e9e9f43c4995baed7a833977eedfb537a84,think,living,2,1,0,1,1-2,1,0-50,0,,,,,,,,,,,,,,,,,1.78125,1.684436321258545,0.5,0,1.78125,1.684436321258545,0.5,0,unavailable:only_rollout_aggregate,4.0,4.0,1.0,0.0,0.9791666666666667,0.9895833333333334,0.20891222130520323,0.2587653568565226,0.2561438997967481,0.9895833333333334,-0.571022093296051,,observed_directly:dsr_trace_first2,,,,,,,,,
5312b41c5a6b8ac1fdbe5a0211cbfaf002533367a177c86d9595bbab0ca19090,think,prod,2,1,0,1,1-2,1,0-50,1,,,,,,,,,,,,,,,,,1.78125,1.684436321258545,0.5,0,1.78125,1.684436321258545,0.5,0,unavailable:only_rollout_aggregate,,,,,,,,,,,,,unavailable,,,,,,,,,
5ea4740a4656ed1e8e8f7981641afed8ced421efcf5672a4502270b8ac043631,think,ad,2,2,0,1,1-2,2,0-50,2,,,,,,,,,,,,,,,,,1.78125,1.684436321258545,0.5,0,1.78125,1.684436321258545,0.5,0,unavailable:only_rollout_aggregate,,,,,,,,,,,,,unavailable,,,,,,,,,
dea6a49f8f2209c89897a1dfd297db748f89f0011487d3f0039c5e74adfbb201,think,ad,2,2,0,1,1-2,2,0-50,3,,,,,,,,,,,,,,,,,1.78125,1.684436321258545,0.5,0,1.78125,1.684436321258545,0.5,0,unavailable:only_rollout_aggregate,,,,,,,,,,,,,unavailable,,,,,,,,,
775d2c1d73b635f501a0f4bc9da6024002fecb009894b9d6fbdb1cb3fbd0ba72,think,ad,2,2,2,2,1-2,2,0-50,0,,,,,,,,,,,,,,,,,1.6640625,1.0405949354171753,0.25,1,2.09375,0.8743988275527954,0.5,0,unavailable:only_rollout_aggregate,3.5,2.0,0.5416666666666666,1.5,0.5,0.5,0.014584077361972545,0.1666643681630009,0.1666643681630009,0.5,0.5772169828414917,,observed_directly:dsr_trace_first2,,,,,,,,,
f2a93244b0b82a2194e1cd15375c3293287c9e6553ecd5f38e7f390b0062e7a8,think,video,18,16,2,2,5+,3+,0-50,1,,,,,,,,,,,,,,,,,1.6640625,1.0405949354171753,0.25,1,2.09375,0.8743988275527954,0.5,0,unavailable:only_rollout_aggregate,,,,,,,,,,,,,unavailable,,,,,,,,,
483d40bd8e6a7be759779bba6c1a58dca78f41a0a8d8cb365e1dd0eff5566142,think,ad,2,2,2,2,1-2,2,0-50,2,,,,,,,,,,,,,,,,,1.6640625,1.0405949354171753,0.25,1,2.09375,0.8743988275527954,0.5,0,unavailable:only_rollout_aggregate,,,,,,,,,,,,,unavailable,,,,,,,,,
9886d50833d0057054a165cad6e78eaaa0438b716e4a53f2a1b84ee40a63e284,think,living,2,2,2,2,1-2,2,0-50,3,,,,,,,,,,,,,,,,,1.6640625,1.0405949354171753,0.25,1,2.09375,0.8743988275527954,0.5,0,unavailable:only_rollout_aggregate,,,,,,,,,,,,,unavailable,,,,,,,,,
0d3b5e5ef4df6c333ca9f556c22b3e9e9f43c4995baed7a833977eedfb537a84,no_think,living,2,1,4,3,1-2,1,0-50,0,,,,,,,,,,,,,,,,,-0.171875,0.06051536649465561,0.5,,-0.1875,0.0625,0.5,,unavailable:only_rollout_aggregate,,,,,,,,,,,,,,0.25,,,,False,0.1,0.25,"[0.125,0.125,0.125,0.25,0.125,0.25,0.25,0.25]",0.0
5312b41c5a6b8ac1fdbe5a0211cbfaf002533367a177c86d9595bbab0ca19090,no_think,prod,2,1,4,3,1-2,1,0-50,1,,,,,,,,,,,,,,,,,-0.171875,0.06051536649465561,0.5,,-0.1875,0.0625,0.5,,unavailable:only_rollout_aggregate,,,,,,,,,,,,,,0.375,,,,False,0.1,0.375,"[0.125,0.125,0.375,0.125,0.125,0.375,0.125,0.375]",0.0
5ea4740a4656ed1e8e8f7981641afed8ced421efcf5672a4502270b8ac043631,no_think,ad,2,2,6,4,1-2,2,0-50,0,,,,,,,,,,,,,,,,,-0.0625,0.19034218788146973,0.0,,-0.140625,0.09546644985675812,0.0,,unavailable:only_rollout_aggregate,,,,,,,,,,,,,,0.25,,,,False,0.1,0.25,"[0.125,0.125,0.25,0.25,0.125,0.25,0.125,0.25]",0.0
dea6a49f8f2209c89897a1dfd297db748f89f0011487d3f0039c5e74adfbb201,no_think,ad,2,2,6,4,1-2,2,0-50,1,,,,,,,,,,,,,,,,,-0.0625,0.19034218788146973,0.0,,-0.140625,0.09546644985675812,0.0,,unavailable:only_rollout_aggregate,,,,,,,,,,,,,,0.25,,,,False,0.1,0.25,"[0.125,0.25,0.125,0.125,0.25,0.125,0.125,0.125]",0.0
775d2c1d73b635f501a0f4bc9da6024002fecb009894b9d6fbdb1cb3fbd0ba72,no_think,ad,2,2,8,5,1-2,2,0-50,0,,,,,,,,,,,,,,,,,0.0,0.21650634706020355,0.0,,0.0,0.1751573234796524,0.0,,unavailable:only_rollout_aggregate,,,,,,,,,,,,,,0.25,,,,False,0.1,0.25,"[0.125,0.125,0.125,0.125,0.25,0.25,0.125,0.125]",0.0
f2a93244b0b82a2194e1cd15375c3293287c9e6553ecd5f38e7f390b0062e7a8,no_think,video,18,16,8,5,5+,3+,0-50,1,,,,,,,,,,,,,,,,,0.0,0.21650634706020355,0.0,,0.0,0.1751573234796524,0.0,,unavailable:only_rollout_aggregate,,,,,,,,,,,,,,0.125,,,,False,0.2,0.125,"[0.125,0.125,0.125,0.125,0.125,0.125,0.125,0.125]",0.0
483d40bd8e6a7be759779bba6c1a58dca78f41a0a8d8cb365e1dd0eff5566142,no_think,ad,2,2,10,6,1-2,2,0-50,0,,,,,,,,,,,,,,,,,-0.0625,0.15809345245361328,0.0,,-0.03125,0.14517971873283386,0.0,,unavailable:only_rollout_aggregate,,,,,,,,,,,,,,0.125,,,,False,0.1,0.125,"[0.125,0.125,0.125,0.125,0.125,0.125,0.125,0.125]",0.0
9886d50833d0057054a165cad6e78eaaa0438b716e4a53f2a1b84ee40a63e284,no_think,living,2,2,10,6,1-2,2,0-50,1,,,,,,,,,,,,,,,,,-0.0625,0.15809345245361328,0.0,,-0.03125,0.14517971873283386,0.0,,unavailable:only_rollout_aggregate,,,,,,,,,,,,,,0.375,,,,False,0.1,0.375,"[0.125,0.125,0.375,0.125,0.125,0.375,0.375,0.125]",0.0
f1bd212b32ec1e0144a7f62712c6f16c08df99284c0dee310314e0d548bd432c,think,prod,3,2,12,7,3-4,2,0-50,0,,,,,,,,,,,,,,,,,3.923828125,1.119408369064331,0.25,0,3.51171875,0.4191455841064453,0.25,1,unavailable:only_rollout_aggregate,2.0,2.0,1.0,0.0,0.4861111111111111,0.4930555555555556,0.05235105267861087,0.07743974703476993,0.0,0.4930555555555556,-0.5879044830799103,,observed_directly:dsr_trace_first2,,,,,,,,,
b8eb62be9fc57a8c9a163c248120894d01491270f47ada7c41e25af7f9374d7c,think,video,15,11,12,7,5+,3+,0-50,1,,,,,,,,,,,,,,,,,3.923828125,1.119408369064331,0.25,0,3.51171875,0.4191455841064453,0.25,1,unavailable:only_rollout_aggregate,,,,,,,,,,,,,unavailable,,,,,,,,,
2f8b9238c59badc96cd439911c7c42afd62e8cefa539853df2d36a549228d2b3,think,living,2,2,12,7,1-2,2,0-50,2,,,,,,,,,,,,,,,,,3.923828125,1.119408369064331,0.25,0,3.51171875,0.4191455841064453,0.25,1,unavailable:only_rollout_aggregate,,,,,,,,,,,,,unavailable,,,,,,,,,
2dc02a7c59eb8279b7caa10022e6a9ee7c30c8d851b632515315806e1655bd75,think,prod,2,1,12,7,1-2,1,0-50,3,,,,,,,,,,,,,,,,,3.923828125,1.119408369064331,0.25,0,3.51171875,0.4191455841064453,0.25,1,unavailable:only_rollout_aggregate,,,,,,,,,,,,,unavailable,,,,,,,,,
7b91df630c0a3b6d7232ae4564551cf7bc9db819af9738de06dcde9656fd2e2f,think,ad,2,2,14,8,1-2,2,0-50,0,,,,,,,,,,,,,,,,,0.328125,0.0895632952451706,0.5,0,1.28125,0.9916265606880188,0.5,0,unavailable:only_rollout_aggregate,1.5,1.0,0.6666666666666666,0.5,0.5,0.5,0.04588536297245152,0.3609086709946042,0.18162352818964217,0.22753121778347093,-0.5597011148929596,,observed_directly:dsr_trace_first2,,,,,,,,,
d93a68d31aa1ea6d12bc82e135e44340e9a1aaefd4cee134444746ecc9aee9ad,think,prod,2,1,14,8,1-2,1,0-50,1,,,,,,,,,,,,,,,,,0.328125,0.0895632952451706,0.5,0,1.28125,0.9916265606880188,0.5,0,unavailable:only_rollout_aggregate,,,,,,,,,,,,,unavailable,,,,,,,,,
3baf4e2bd66a078acfd02069635a7b0d09b8563a43d6f45285a80a90fd89f65d,think,prod,2,2,14,8,1-2,2,0-50,2,,,,,,,,,,,,,,,,,0.328125,0.0895632952451706,0.5,0,1.28125,0.9916265606880188,0.5,0,unavailable:only_rollout_aggregate,,,,,,,,,,,,,unavailable,,,,,,,,,
91222818a1da2fe8a47421933d22debe4b2f1f314245e2250401666386d5c8f2,think,video,20,16,14,8,5+,3+,0-50,3,,,,,,,,,,,,,,,,,0.328125,0.0895632952451706,0.5,0,1.28125,0.9916265606880188,0.5,0,unavailable:only_rollout_aggregate,,,,,,,,,,,,,unavailable,,,,,,,,,
f1bd212b32ec1e0144a7f62712c6f16c08df99284c0dee310314e0d548bd432c,no_think,prod,3,2,16,9,3-4,2,0-50,0,,,,,,,,,,,,,,,,,1.359375,1.9519996643066406,0.5,,-0.125,0.15721796452999115,0.0,,unavailable:only_rollout_aggregate,,,,,,,,,,,,,,0.5,,,,False,0.1,0.5,"[0.5,0.5,0.125,0.5,0.5,0.125,0.125,0.125]",0.0
b8eb62be9fc57a8c9a163c248120894d01491270f47ada7c41e25af7f9374d7c,no_think,video,15,11,16,9,5+,3+,0-50,1,,,,,,,,,,,,,,,,,1.359375,1.9519996643066406,0.5,,-0.125,0.15721796452999115,0.0,,unavailable:only_rollout_aggregate,,,,,,,,,,,,,,0.25,,,,False,0.2,0.25,"[0.25,0.125,0.125,0.125,0.125,0.25,0.125,0.125]",0.0
2f8b9238c59badc96cd439911c7c42afd62e8cefa539853df2d36a549228d2b3,no_think,living,2,2,18,10,1-2,2,0-50,0,,,,,,,,,,,,,,,,,-0.140625,0.09546644985675812,0.0,,-0.09375,0.1791265904903412,0.0,,unavailable:only_rollout_aggregate,,,,,,,,,,,,,,0.125,,,,False,0.1,0.125,"[0.125,0.125,0.125,0.125,0.125,0.125,0.125,0.125]",0.0
2dc02a7c59eb8279b7caa10022e6a9ee7c30c8d851b632515315806e1655bd75,no_think,prod,2,1,18,10,1-2,1,0-50,1,,,,,,,,,,,,,,,,,-0.140625,0.09546644985675812,0.0,,-0.09375,0.1791265904903412,0.0,,unavailable:only_rollout_aggregate,,,,,,,,,,,,,,0.375,,,,False,0.1,0.375,"[0.125,0.375,0.375,0.125,0.125,0.125,0.375,0.125]",0.0
7b91df630c0a3b6d7232ae4564551cf7bc9db819af9738de06dcde9656fd2e2f,no_think,ad,2,2,20,11,1-2,2,0-50,0,,,,,,,,,,,,,,,,,0.015625,0.22289511561393738,0.0,,0.0,0.1993933916091919,0.0,,unavailable:only_rollout_aggregate,,,,,,,,,,,,,,0.25,,,,False,0.1,0.25,"[0.25,0.125,0.125,0.25,0.25,0.125,0.125,0.25]",0.0
d93a68d31aa1ea6d12bc82e135e44340e9a1aaefd4cee134444746ecc9aee9ad,no_think,prod,2,1,20,11,1-2,1,0-50,1,,,,,,,,,,,,,,,,,0.015625,0.22289511561393738,0.0,,0.0,0.1993933916091919,0.0,,unavailable:only_rollout_aggregate,,,,,,,,,,,,,,0.25,,,,False,0.1,0.25,"[0.125,0.125,0.125,0.25,0.25,0.125,0.125,0.125]",0.0
3baf4e2bd66a078acfd02069635a7b0d09b8563a43d6f45285a80a90fd89f65d,no_think,prod,2,2,22,12,1-2,2,0-50,0,,,,,,,,,,,,,,,,,-0.03125,0.05412658676505089,0.5,,-0.015625,0.04133986309170723,0.5,,unavailable:only_rollout_aggregate,,,,,,,,,,,,,,0.25,,,,False,0.1,0.25,"[0.125,0.125,0.25,0.25,0.125,0.125,0.25,0.25]",0.0
91222818a1da2fe8a47421933d22debe4b2f1f314245e2250401666386d5c8f2,no_think,video,20,16,22,12,5+,3+,0-50,1,,,,,,,,,,,,,,,,,-0.03125,0.05412658676505089,0.5,,-0.015625,0.04133986309170723,0.5,,unavailable:only_rollout_aggregate,,,,,,,,,,,,,,0.375,,,,True,0.2,0.375,"[0.125,0.125,0.375,0.125,0.125,0.125,0.375,0.375]",0.07500000000000001
f21147ce011ded372ed23ff948c8c9febbcf04908ad9980bf7326a7a79b4d75a,think,ad,2,2,24,13,1-2,2,0-50,0,,,,,,,,,,,,,,,,,7.72119140625,1.281449556350708,0.25,0,6.623046875,0.4296875,0.75,1,unavailable:only_rollout_aggregate,3.0,2.5,0.8333333333333333,0.5,1.0,1.0,0.15287036554515482,0.39897002152905303,0.39897002152905303,0.4917222193270929,0.7788175912573934,,observed_directly:dsr_trace_first2,,,,,,,,,
df56d595895f9d5702ca94a412652e644a2bb90b0068a8231c515b134347ea92,think,video,20,19,24,13,5+,3+,0-50,1,,,,,,,,,,,,,,,,,7.72119140625,1.281449556350708,0.25,0,6.623046875,0.4296875,0.75,1,unavailable:only_rollout_aggregate,,,,,,,,,,,,,unavailable,,,,,,,,,
436ed21d23aa661c1944735d274c6a54512342a0b7167d270d3fba814174646a,think,video,20,15,24,13,5+,3+,0-50,2,,,,,,,,,,,,,,,,,7.72119140625,1.281449556350708,0.25,0,6.623046875,0.4296875,0.75,1,unavailable:only_rollout_aggregate,,,,,,,,,,,,,unavailable,,,,,,,,,
8c038e56a8d3589fb089fc68fe8ce98c479413dc9adbfa347b8f65bd4ce0f042,think,living,2,2,24,13,1-2,2,0-50,3,,,,,,,,,,,,,,,,,7.72119140625,1.281449556350708,0.25,0,6.623046875,0.4296875,0.75,1,unavailable:only_rollout_aggregate,,,,,,,,,,,,,unavailable,,,,,,,,,
768f6c067ee824c6e2daa1bf3effcd87467620dd605dd26904dba5d201bb29ff,think,video,16,11,26,14,5+,3+,0-50,0,,,,,,,,,,,,,,,,,3.625,0.3788861036300659,0.5,0,3.46875,0.6148184537887573,0.25,0,unavailable:only_rollout_aggregate,3.5,3.5,1.0,0.0,1.0,1.0,0.05582597447078726,0.4296390534764708,0.4296390534764708,1.0,0.5772169828414917,,observed_directly:dsr_trace_first2,,,,,,,,,
1f241d4a7631596056603f82d36bd1eb40232de9633cb36529f575a70b06c67d,think,ad,2,2,26,14,1-2,2,0-50,1,,,,,,,,,,,,,,,,,3.625,0.3788861036300659,0.5,0,3.46875,0.6148184537887573,0.25,0,unavailable:only_rollout_aggregate,,,,,,,,,,,,,unavailable,,,,,,,,,
c1f50ad9c92dd5172e5ef8df6a294700caae29058fc66ff438dcddb87b14d178,think,living,2,2,26,14,1-2,2,0-50,2,,,,,,,,,,,,,,,,,3.625,0.3788861036300659,0.5,0,3.46875,0.6148184537887573,0.25,0,unavailable:only_rollout_aggregate,,,,,,,,,,,,,unavailable,,,,,,,,,
32f1216d748636d8d03dfb2f7a1bdbba4b2c7175e9a61255cb60f4447d0719e9,think,living,2,2,26,14,1-2,2,0-50,3,,,,,,,,,,,,,,,,,3.625,0.3788861036300659,0.5,0,3.46875,0.6148184537887573,0.25,0,unavailable:only_rollout_aggregate,,,,,,,,,,,,,unavailable,,,,,,,,,
f21147ce011ded372ed23ff948c8c9febbcf04908ad9980bf7326a7a79b4d75a,no_think,ad,2,2,28,15,1-2,2,0-50,0,,,,,,,,,,,,,,,,,0.046875,0.18154609203338623,0.0,,0.0625,0.1751573234796524,0.0,,unavailable:only_rollout_aggregate,,,,,,,,,,,,,,0.375,,,,False,0.1,0.375,"[0.375,0.125,0.375,0.25,0.375,0.25,0.25,0.25]",0.0
df56d595895f9d5702ca94a412652e644a2bb90b0068a8231c515b134347ea92,no_think,video,20,19,28,15,5+,3+,0-50,1,,,,,,,,,,,,,,,,,0.046875,0.18154609203338623,0.0,,0.0625,0.1751573234796524,0.0,,unavailable:only_rollout_aggregate,,,,,,,,,,,,,,0.25,,,,False,0.2,0.25,"[0.125,0.125,0.25,0.25,0.125,0.125,0.125,0.125]",0.0
436ed21d23aa661c1944735d274c6a54512342a0b7167d270d3fba814174646a,no_think,video,20,15,30,16,5+,3+,0-50,0,,,,,,,,,,,,,,,,,0.0625,0.1751573234796524,0.0,,0.140625,0.2539934813976288,0.0,,unavailable:only_rollout_aggregate,,,,,,,,,,,,,,0.25,,,,False,0.2,0.25,"[0.125,0.125,0.125,0.25,0.25,0.125,0.125,0.125]",0.0
8c038e56a8d3589fb089fc68fe8ce98c479413dc9adbfa347b8f65bd4ce0f042,no_think,living,2,2,30,16,1-2,2,0-50,1,,,,,,,,,,,,,,,,,0.0625,0.1751573234796524,0.0,,0.140625,0.2539934813976288,0.0,,unavailable:only_rollout_aggregate,,,,,,,,,,,,,,0.25,,,,False,0.1,0.25,"[0.25,0.125,0.25,0.125,0.125,0.25,0.25,0.125]",0.0
768f6c067ee824c6e2daa1bf3effcd87467620dd605dd26904dba5d201bb29ff,no_think,video,16,11,32,17,5+,3+,0-50,0,,,,,,,,,,,,,,,,,0.109375,0.26677101850509644,0.0,,0.53125,1.4245715141296387,0.0,,unavailable:only_rollout_aggregate,,,,,,,,,,,,,,0.375,,,,False,0.2,0.375,"[0.125,0.125,0.125,0.125,0.375,0.125,0.375,0.375]",0.0
1f241d4a7631596056603f82d36bd1eb40232de9633cb36529f575a70b06c67d,no_think,ad,2,2,32,17,1-2,2,0-50,1,,,,,,,,,,,,,,,,,0.109375,0.26677101850509644,0.0,,0.53125,1.4245715141296387,0.0,,unavailable:only_rollout_aggregate,,,,,,,,,,,,,,0.25,,,,False,0.1,0.25,"[0.125,0.125,0.125,0.125,0.25,0.125,0.125,0.25]",0.0
c1f50ad9c92dd5172e5ef8df6a294700caae29058fc66ff438dcddb87b14d178,no_think,living,2,2,34,18,1-2,2,0-50,0,,,,,,,,,,,,,,,,,-0.125,0.08267972618341446,0.0,,0.078125,0.393228679895401,0.0,,unavailable:only_rollout_aggregate,,,,,,,,,,,,,,0.25,,,,False,0.1,0.25,"[0.25,0.125,0.125,0.125,0.25,0.125,0.125,0.125]",0.0
32f1216d748636d8d03dfb2f7a1bdbba4b2c7175e9a61255cb60f4447d0719e9,no_think,living,2,2,34,18,1-2,2,0-50,1,,,,,,,,,,,,,,,,,-0.125,0.08267972618341446,0.0,,0.078125,0.393228679895401,0.0,,unavailable:only_rollout_aggregate,,,,,,,,,,,,,,0.125,,,,False,0.1,0.125,"[0.125,0.125,0.125,0.125,0.125,0.125,0.125,0.125]",0.0
d05fa0bdabcdbfdf757af0e76860078cfe741d3f8aaf30d12263d4238eaec977,think,living,2,1,36,19,1-2,1,0-50,0,,,,,,,,,,,,,,,,,1.8125,1.0228766202926636,0.5,12,2.046875,1.3261014223098755,0.25,35,unavailable:only_rollout_aggregate,4.0,1.5,0.375,2.5,0.5,0.5,0.02916815472394509,0.2869653867948367,0.23224733990631502,0.5,0.5772169828414917,,observed_directly:dsr_trace_first2,,,,,,,,,
9596e234be106d47cc72469c7d6f369c3eb61bb3d70b077b03a75145722af102,think,prod,2,2,36,19,1-2,2,0-50,1,,,,,,,,,,,,,,,,,1.8125,1.0228766202926636,0.5,12,2.046875,1.3261014223098755,0.25,35,unavailable:only_rollout_aggregate,,,,,,,,,,,,,unavailable,,,,,,,,,
9c74573db99c6e434ffde6208164113e4f3f7b126d86e2f1ce3c10405744c5ff,think,living,2,2,36,19,1-2,2,0-50,2,,,,,,,,,,,,,,,,,1.8125,1.0228766202926636,0.5,12,2.046875,1.3261014223098755,0.25,35,unavailable:only_rollout_aggregate,,,,,,,,,,,,,unavailable,,,,,,,,,
d877f76968ff1321282fb8d165ba6c8faade6b0413ad1b8a2404d77060502f96,think,ad,2,2,36,19,1-2,2,0-50,3,,,,,,,,,,,,,,,,,1.8125,1.0228766202926636,0.5,12,2.046875,1.3261014223098755,0.25,35,unavailable:only_rollout_aggregate,,,,,,,,,,,,,unavailable,,,,,,,,,
8002d0daf096df8e5d36f940e1df8a0c7966ee594ea20a785077fb59d21ebaa4,think,video,20,20,38,20,5+,3+,0-50,0,0.59375,0.16237976320958225,False,False,0,0,6,0,0.859375,0.06810779599282303,False,False,0,0,12,0,1.6796875,0.8447214961051941,0.25,0,1.46484375,1.03253173828125,0.5,0,observed_directly:trace_every20,4.0,4.0,1.0,0.0,0.9947916666666666,0.9973958333333333,0.009958630944789017,0.6163621117084733,0.6146750910987732,0.9973958333333333,3.2186508178710938e-06,primary_variance,observed_directly:dsr_trace_first2+generic_trace_enrichment,,,,,,,,,
250a3d362a435a78563c1803b3a970a78ef53e385d06da4399ae39f16462db87,think,prod,2,2,38,20,1-2,2,0-50,1,,,,,,,,,,,,,,,,,1.6796875,0.8447214961051941,0.25,0,1.46484375,1.03253173828125,0.5,0,unavailable:only_rollout_aggregate,,,,,,,,,,,,,unavailable,,,,,,,,,
5ec2693b07a4d5599519e12866edb4fff0b11acfda833b2d773eeeef0c77e0ee,think,prod,2,2,38,20,1-2,2,0-50,2,,,,,,,,,,,,,,,,,1.6796875,0.8447214961051941,0.25,0,1.46484375,1.03253173828125,0.5,0,unavailable:only_rollout_aggregate,,,,,,,,,,,,,unavailable,,,,,,,,,
34e816613902361478cba0e069db7867edd3af328e296e98fcba13e3927467a6,think,prod,2,1,38,20,1-2,1,0-50,3,,,,,,,,,,,,,,,,,1.6796875,0.8447214961051941,0.25,0,1.46484375,1.03253173828125,0.5,0,unavailable:only_rollout_aggregate,,,,,,,,,,,,,unavailable,,,,,,,,,
d05fa0bdabcdbfdf757af0e76860078cfe741d3f8aaf30d12263d4238eaec977,no_think,living,2,1,40,21,1-2,1,0-50,0,,,,,,,,,,,,,,,,,-0.0625,0.0625,0.5,,0.09375,0.38044196367263794,0.0,,unavailable:only_rollout_aggregate,,,,,,,,,,,,,,0.125,,,,False,0.1,0.125,"[0.125,0.125,0.125,0.125,0.125,0.125,0.125,0.125]",0.0
9596e234be106d47cc72469c7d6f369c3eb61bb3d70b077b03a75145722af102,no_think,prod,2,2,40,21,1-2,2,0-50,1,,,,,,,,,,,,,,,,,-0.0625,0.0625,0.5,,0.09375,0.38044196367263794,0.0,,unavailable:only_rollout_aggregate,,,,,,,,,,,,,,0.5,,,,False,0.1,0.5,"[0.5,0.125,0.5,0.25,0.5,0.125,0.25,0.5]",0.0
9c74573db99c6e434ffde6208164113e4f3f7b126d86e2f1ce3c10405744c5ff,no_think,living,2,2,42,22,1-2,2,0-50,0,,,,,,,,,,,,,,,,,0.0,0.0,1.0,,-0.0625,0.10185523331165314,0.0,,unavailable:only_rollout_aggregate,,,,,,,,,,,,,,0.25,,,,False,0.1,0.25,"[0.125,0.25,0.125,0.25,0.25,0.125,0.125,0.25]",0.0
d877f76968ff1321282fb8d165ba6c8faade6b0413ad1b8a2404d77060502f96,no_think,ad,2,2,42,22,1-2,2,0-50,1,,,,,,,,,,,,,,,,,0.0,0.0,1.0,,-0.0625,0.10185523331165314,0.0,,unavailable:only_rollout_aggregate,,,,,,,,,,,,,,0.25,,,,False,0.1,0.25,"[0.125,0.125,0.125,0.25,0.125,0.125,0.125,0.25]",0.0
8002d0daf096df8e5d36f940e1df8a0c7966ee594ea20a785077fb59d21ebaa4,no_think,video,20,20,44,23,5+,3+,0-50,0,,,,,,,,,,,,,,,,,0.40625,0.58274906873703,0.0,,0.0,0.13680630922317505,0.0,,unavailable:only_rollout_aggregate,,,,,,,,,,,,,,0.25,,,,False,0.2,0.25,"[0.125,0.25,0.25,0.125,0.125,0.25,0.25,0.125]",0.0
250a3d362a435a78563c1803b3a970a78ef53e385d06da4399ae39f16462db87,no_think,prod,2,2,44,23,1-2,2,0-50,1,,,,,,,,,,,,,,,,,0.40625,0.58274906873703,0.0,,0.0,0.13680630922317505,0.0,,unavailable:only_rollout_aggregate,,,,,,,,,,,,,,0.25,,,,False,0.1,0.25,"[0.125,0.125,0.125,0.125,0.125,0.25,0.25,0.125]",0.0
5ec2693b07a4d5599519e12866edb4fff0b11acfda833b2d773eeeef0c77e0ee,no_think,prod,2,2,46,24,1-2,2,0-50,0,,,,,,,,,,,,,,,,,0.03125,0.08267972618341446,0.5,,-0.015625,0.04133986309170723,0.5,,unavailable:only_rollout_aggregate,,,,,,,,,,,,,,0.125,,,,False,0.1,0.125,"[0.125,0.125,0.125,0.125,0.125,0.125,0.125,0.125]",0.0
34e816613902361478cba0e069db7867edd3af328e296e98fcba13e3927467a6,no_think,prod,2,1,46,24,1-2,1,0-50,1,,,,,,,,,,,,,,,,,0.03125,0.08267972618341446,0.5,,-0.015625,0.04133986309170723,0.5,,unavailable:only_rollout_aggregate,,,,,,,,,,,,,,0.375,,,,True,0.1,0.375,"[0.375,0.375,0.25,0.375,0.375,0.375,0.25,0.375]",0.037500000000000006
11a57e312d2c7f3e03d01b95a625c8337800d26324e465d38d7ed90edd1e6d6a,think,ad,2,2,48,25,1-2,2,0-50,0,,,,,,,,,,,,,,,,,0.390625,0.14368988573551178,0.25,0,0.859375,0.9014621376991272,0.5,0,unavailable:only_rollout_aggregate,3.0,3.0,1.0,0.0,1.0,1.0,0.014584077361972545,0.3628258334775646,0.3628258334775646,1.0,0.5772169828414917,,observed_directly:dsr_trace_first2,,,,,,,,,
692ee70e3d40a0ad80f7de5c3f8d952d124436bbb2670650253c5c2c7ec06ba6,think,video,20,17,48,25,5+,3+,0-50,1,,,,,,,,,,,,,,,,,0.390625,0.14368988573551178,0.25,0,0.859375,0.9014621376991272,0.5,0,unavailable:only_rollout_aggregate,,,,,,,,,,,,,unavailable,,,,,,,,,
c99520fb0adeb26bb7ce03058378bcd8ae48e7a91a0ad1cab5cda5c2d6ca2892,think,video,14,13,48,25,5+,3+,0-50,2,,,,,,,,,,,,,,,,,0.390625,0.14368988573551178,0.25,0,0.859375,0.9014621376991272,0.5,0,unavailable:only_rollout_aggregate,,,,,,,,,,,,,unavailable,,,,,,,,,
a55246db8669642cf82a1120a55a6c75322cae3d270ff741e38e008daa00e66f,think,ad,2,2,48,25,1-2,2,0-50,3,,,,,,,,,,,,,,,,,0.390625,0.14368988573551178,0.25,0,0.859375,0.9014621376991272,0.5,0,unavailable:only_rollout_aggregate,,,,,,,,,,,,,unavailable,,,,,,,,,
df50c73a722cb3468599aec7a089f55d6ceed818434b1e75b53d048825bbfc2d,think,prod,2,2,50,26,1-2,2,50-100,0,,,,,,,,,,,,,,,,,0.46875,0.4291265904903412,0.5,0,0.125,0.0,1.0,5,unavailable:only_rollout_aggregate,4.0,3.5,0.875,0.5,1.0,1.0,0.0,0.375573666554577,0.375573666554577,0.7502294666218308,-0.9719676971435547,,observed_directly:dsr_trace_first2,,,,,,,,,
aa3eae300742dbbbff0e43690309f5dd9083bdfbfbcd21a7e19879a4d1789002,think,video,12,12,50,26,5+,3+,50-100,1,,,,,,,,,,,,,,,,,0.46875,0.4291265904903412,0.5,0,0.125,0.0,1.0,5,unavailable:only_rollout_aggregate,,,,,,,,,,,,,unavailable,,,,,,,,,
f5549a85bdea0ba7467c2eb6e3a385ba121bced86724006d04f03f02b8f055d9,think,ad,2,2,50,26,1-2,2,50-100,2,,,,,,,,,,,,,,,,,0.46875,0.4291265904903412,0.5,0,0.125,0.0,1.0,5,unavailable:only_rollout_aggregate,,,,,,,,,,,,,unavailable,,,,,,,,,
c4ea09d4400aea93378a91d8674ef0f4061c9ac68593a6f65230aa829ded8fa8,think,ad,2,2,50,26,1-2,2,50-100,3,,,,,,,,,,,,,,,,,0.46875,0.4291265904903412,0.5,0,0.125,0.0,1.0,5,unavailable:only_rollout_aggregate,,,,,,,,,,,,,unavailable,,,,,,,,,
11a57e312d2c7f3e03d01b95a625c8337800d26324e465d38d7ed90edd1e6d6a,no_think,ad,2,2,52,27,1-2,2,50-100,0,,,,,,,,,,,,,,,,,-0.078125,0.17837810516357422,0.0,,0.0,0.18708015978336334,0.0,,unavailable:only_rollout_aggregate,,,,,,,,,,,,,,0.25,,,,False,0.1,0.25,"[0.125,0.25,0.125,0.125,0.25,0.25,0.125,0.25]",0.0
692ee70e3d40a0ad80f7de5c3f8d952d124436bbb2670650253c5c2c7ec06ba6,no_think,video,20,17,52,27,5+,3+,50-100,1,,,,,,,,,,,,,,,,,-0.078125,0.17837810516357422,0.0,,0.0,0.18708015978336334,0.0,,unavailable:only_rollout_aggregate,,,,,,,,,,,,,,0.25,,,,False,0.2,0.25,"[0.25,0.125,0.125,0.125,0.125,0.125,0.25,0.125]",0.0
c99520fb0adeb26bb7ce03058378bcd8ae48e7a91a0ad1cab5cda5c2d6ca2892,no_think,video,14,13,54,28,5+,3+,50-100,0,,,,,,,,,,,,,,,,,-0.078125,0.06051536649465561,0.5,,0.140625,0.23690882325172424,0.0,,unavailable:only_rollout_aggregate,,,,,,,,,,,,,,0.25,,,,False,0.2,0.25,"[0.125,0.125,0.125,0.25,0.25,0.125,0.25,0.25]",0.0
a55246db8669642cf82a1120a55a6c75322cae3d270ff741e38e008daa00e66f,no_think,ad,2,2,54,28,1-2,2,50-100,1,,,,,,,,,,,,,,,,,-0.078125,0.06051536649465561,0.5,,0.140625,0.23690882325172424,0.0,,unavailable:only_rollout_aggregate,,,,,,,,,,,,,,0.125,,,,False,0.1,0.125,"[0.125,0.125,0.125,0.125,0.125,0.125,0.125,0.125]",0.0
df50c73a722cb3468599aec7a089f55d6ceed818434b1e75b53d048825bbfc2d,no_think,prod,2,2,56,29,1-2,2,50-100,0,,,,,,,,,,,,,,,,,0.0,0.0,1.0,,-0.078125,0.1146419495344162,0.0,,unavailable:only_rollout_aggregate,,,,,,,,,,,,,,0.25,,,,False,0.1,0.25,"[0.125,0.25,0.25,0.125,0.25,0.25,0.125,0.125]",0.0
aa3eae300742dbbbff0e43690309f5dd9083bdfbfbcd21a7e19879a4d1789002,no_think,video,12,12,56,29,5+,3+,50-100,1,,,,,,,,,,,,,,,,,0.0,0.0,1.0,,-0.078125,0.1146419495344162,0.0,,unavailable:only_rollout_aggregate,,,,,,,,,,,,,,0.25,,,,False,0.2,0.25,"[0.125,0.25,0.125,0.125,0.125,0.25,0.125,0.125]",0.0
f5549a85bdea0ba7467c2eb6e3a385ba121bced86724006d04f03f02b8f055d9,no_think,ad,2,2,58,30,1-2,2,50-100,0,,,,,,,,,,,,,,,,,-0.078125,0.10383985936641693,0.0,,0.125,0.4389720857143402,0.0,,unavailable:only_rollout_aggregate,,,,,,,,,,,,,,0.125,,,,False,0.1,0.125,"[0.125,0.125,0.125,0.125,0.125,0.125,0.125,0.125]",0.0
c4ea09d4400aea93378a91d8674ef0f4061c9ac68593a6f65230aa829ded8fa8,no_think,ad,2,2,58,30,1-2,2,50-100,1,,,,,,,,,,,,,,,,,-0.078125,0.10383985936641693,0.0,,0.125,0.4389720857143402,0.0,,unavailable:only_rollout_aggregate,,,,,,,,,,,,,,0.5,,,,False,0.1,0.5,"[0.5,0.5,0.5,0.125,0.125,0.125,0.125,0.5]",0.0
180d72cb9abef356ef18c23b0a117cc5e81213bbb2c43d6112fd2e6525d9d9b4,think,video,11,8,60,31,5+,3+,50-100,0,,,,,,,,,,,,,,,,,6.984375,0.6924842596054077,0.25,0,7.404296875,0.7046883702278137,0.25,0,unavailable:only_rollout_aggregate,4.0,4.0,1.0,0.0,1.0,1.0,0.06492262780035143,0.5646367581964022,0.5646367581964022,1.0,0.5694596171379089,,observed_directly:dsr_trace_first2,,,,,,,,,
66561dcf95599497fea325b3378e368d0555780b44dafe9118631a7883033ad4,think,video,20,17,60,31,5+,3+,50-100,1,,,,,,,,,,,,,,,,,6.984375,0.6924842596054077,0.25,0,7.404296875,0.7046883702278137,0.25,0,unavailable:only_rollout_aggregate,,,,,,,,,,,,,unavailable,,,,,,,,,
1f2d2de1c323f1863e8693af194090d64e964fb093192e949f5c3302b53ae11c,think,video,14,13,60,31,5+,3+,50-100,2,,,,,,,,,,,,,,,,,6.984375,0.6924842596054077,0.25,0,7.404296875,0.7046883702278137,0.25,0,unavailable:only_rollout_aggregate,,,,,,,,,,,,,unavailable,,,,,,,,,
ec56a1e8978080a6827d8d69ba6fbdc2636b69d38e3a3bdd206afd37b559fa58,think,video,14,14,60,31,5+,3+,50-100,3,,,,,,,,,,,,,,,,,6.984375,0.6924842596054077,0.25,0,7.404296875,0.7046883702278137,0.25,0,unavailable:only_rollout_aggregate,,,,,,,,,,,,,unavailable,,,,,,,,,
fb138440382f311d56bb73075de66e7af9e278fd1d14a7f74d8e3164e471251a,think,living,3,1,62,32,3-4,1,50-100,0,,,,,,,,,,,,,,,,,2.21875,0.8265465497970581,0.5,0,1.125,0.49864986538887024,0.0,0,unavailable:only_rollout_aggregate,4.0,4.0,1.0,0.0,0.9583333333333333,0.9791666666666666,0.12732943773398803,0.30102744306845775,0.2939754105274396,0.9791666666666666,-0.29977643489837646,,observed_directly:dsr_trace_first2,,,,,,,,,
410a19b84e6f4787289a2e5a4707c73e979950dcebf0e1429c1289520de282f0,think,video,14,11,62,32,5+,3+,50-100,1,,,,,,,,,,,,,,,,,2.21875,0.8265465497970581,0.5,0,1.125,0.49864986538887024,0.0,0,unavailable:only_rollout_aggregate,,,,,,,,,,,,,unavailable,,,,,,,,,
b26427cac5596811541b97f1edbcf69f9a5417556ebcbafad7486cd8c55a8e5e,think,video,12,10,62,32,5+,3+,50-100,2,,,,,,,,,,,,,,,,,2.21875,0.8265465497970581,0.5,0,1.125,0.49864986538887024,0.0,0,unavailable:only_rollout_aggregate,,,,,,,,,,,,,unavailable,,,,,,,,,
b5bcc2d9e959fc4448cccbb2e31d1431b1a3959c3448f18265fda3f713cd8344,think,ad,3,3,62,32,3-4,3+,50-100,3,,,,,,,,,,,,,,,,,2.21875,0.8265465497970581,0.5,0,1.125,0.49864986538887024,0.0,0,unavailable:only_rollout_aggregate,,,,,,,,,,,,,unavailable,,,,,,,,,
180d72cb9abef356ef18c23b0a117cc5e81213bbb2c43d6112fd2e6525d9d9b4,no_think,video,11,8,64,33,5+,3+,50-100,0,,,,,,,,,,,,,,,,,0.765625,1.6394273042678833,0.0,,0.25,0.4533684551715851,0.0,,unavailable:only_rollout_aggregate,,,,,,,,,,,,,,0.25,,,,False,0.2,0.25,"[0.125,0.125,0.125,0.125,0.125,0.25,0.25,0.125]",0.0
66561dcf95599497fea325b3378e368d0555780b44dafe9118631a7883033ad4,no_think,video,20,17,64,33,5+,3+,50-100,1,,,,,,,,,,,,,,,,,0.765625,1.6394273042678833,0.0,,0.25,0.4533684551715851,0.0,,unavailable:only_rollout_aggregate,,,,,,,,,,,,,,0.25,,,,False,0.2,0.25,"[0.125,0.125,0.25,0.125,0.125,0.125,0.25,0.125]",0.0
1f2d2de1c323f1863e8693af194090d64e964fb093192e949f5c3302b53ae11c,no_think,video,14,13,66,34,5+,3+,50-100,0,,,,,,,,,,,,,,,,,0.15625,0.4631216824054718,0.0,,0.28125,0.46901601552963257,0.0,,unavailable:only_rollout_aggregate,,,,,,,,,,,,,,0.125,,,,False,0.2,0.125,"[0.125,0.125,0.125,0.125,0.125,0.125,0.125,0.125]",0.0
ec56a1e8978080a6827d8d69ba6fbdc2636b69d38e3a3bdd206afd37b559fa58,no_think,video,14,14,66,34,5+,3+,50-100,1,,,,,,,,,,,,,,,,,0.15625,0.4631216824054718,0.0,,0.28125,0.46901601552963257,0.0,,unavailable:only_rollout_aggregate,,,,,,,,,,,,,,0.375,,,,False,0.2,0.375,"[0.375,0.125,0.125,0.125,0.125,0.375,0.375,0.125]",0.0
fb138440382f311d56bb73075de66e7af9e278fd1d14a7f74d8e3164e471251a,no_think,living,3,1,68,35,3-4,1,50-100,0,,,,,,,,,,,,,,,,,0.0,0.2134561836719513,0.0,,1.0625,1.7846567630767822,0.0,,unavailable:only_rollout_aggregate,,,,,,,,,,,,,,0.375,,,,False,0.1,0.375,"[0.125,0.25,0.125,0.25,0.375,0.375,0.125,0.375]",0.0
410a19b84e6f4787289a2e5a4707c73e979950dcebf0e1429c1289520de282f0,no_think,video,14,11,68,35,5+,3+,50-100,1,,,,,,,,,,,,,,,,,0.0,0.2134561836719513,0.0,,1.0625,1.7846567630767822,0.0,,unavailable:only_rollout_aggregate,,,,,,,,,,,,,,0.25,,,,False,0.2,0.25,"[0.125,0.125,0.125,0.125,0.25,0.25,0.125,0.125]",0.0
b26427cac5596811541b97f1edbcf69f9a5417556ebcbafad7486cd8c55a8e5e,no_think,video,12,10,70,36,5+,3+,50-100,0,,,,,,,,,,,,,,,,,0.015625,0.20583125948905945,0.0,,-0.015625,0.1495930403470993,0.0,,unavailable:only_rollout_aggregate,,,,,,,,,,,,,,0.25,,,,False,0.2,0.25,"[0.25,0.125,0.125,0.125,0.125,0.125,0.125,0.25]",0.0
b5bcc2d9e959fc4448cccbb2e31d1431b1a3959c3448f18265fda3f713cd8344,no_think,ad,3,3,70,36,3-4,3+,50-100,1,,,,,,,,,,,,,,,,,0.015625,0.20583125948905945,0.0,,-0.015625,0.1495930403470993,0.0,,unavailable:only_rollout_aggregate,,,,,,,,,,,,,,0.375,,,,False,0.2,0.375,"[0.125,0.125,0.375,0.125,0.125,0.375,0.375,0.125]",0.0
54e17ccf183d3b93b60a98bb05409ca1034c82137aa40d1e0f88e42abd197834,think,ad,2,2,72,37,1-2,2,50-100,0,,,,,,,,,,,,,,,,,3.453125,1.0728164911270142,0.25,0,2.53125,0.05412658676505089,0.75,0,unavailable:only_rollout_aggregate,4.0,4.0,1.0,0.0,1.0,1.0,0.02916815472394509,0.5992940135590925,0.5992940135590925,0.4175008928343671,0.5580198764801025,,observed_directly:dsr_trace_first2,,,,,,,,,
971a74d7b029c7239e78a3616dce4a3f87148de1a06572dc3d7f746237aa899e,think,ad,2,2,72,37,1-2,2,50-100,1,,,,,,,,,,,,,,,,,3.453125,1.0728164911270142,0.25,0,2.53125,0.05412658676505089,0.75,0,unavailable:only_rollout_aggregate,,,,,,,,,,,,,unavailable,,,,,,,,,
e9ac0fcfff95f5229787ee4666e611a8405cd3f1e4b1079e19ec138122104909,think,ad,4,3,72,37,3-4,3+,50-100,2,,,,,,,,,,,,,,,,,3.453125,1.0728164911270142,0.25,0,2.53125,0.05412658676505089,0.75,0,unavailable:only_rollout_aggregate,,,,,,,,,,,,,unavailable,,,,,,,,,
c765a7392fced4fd475192d07312352f6e4537babe9306a653ed8d61b66e34a5,think,video,15,15,72,37,5+,3+,50-100,3,,,,,,,,,,,,,,,,,3.453125,1.0728164911270142,0.25,0,2.53125,0.05412658676505089,0.75,0,unavailable:only_rollout_aggregate,,,,,,,,,,,,,unavailable,,,,,,,,,
4449170b272f400eb1fc0bd5f1afd2911ac9bcfcd7d0cc7d49ddc3fb13d413e3,think,prod,2,2,74,38,1-2,2,50-100,0,,,,,,,,,,,,,,,,,1.1875,0.75,0.75,1,0.796875,0.29769623279571533,0.25,0,unavailable:only_rollout_aggregate,3.5,3.5,1.0,0.0,1.0,1.0,0.020625,0.022957395851362236,0.022957395851362236,1.0,0.0,,observed_directly:dsr_trace_first2,,,,,,,,,
f5953a468618a9d3da7122971e816da8ad9a9be8913c727272c2bde259df7c03,think,prod,2,2,74,38,1-2,2,50-100,1,,,,,,,,,,,,,,,,,1.1875,0.75,0.75,1,0.796875,0.29769623279571533,0.25,0,unavailable:only_rollout_aggregate,,,,,,,,,,,,,unavailable,,,,,,,,,
0eddc931ff5609d00efbc1357da1c62d44400ab7df83cfde0c20b8edd9c630c3,think,living,2,2,74,38,1-2,2,50-100,2,,,,,,,,,,,,,,,,,1.1875,0.75,0.75,1,0.796875,0.29769623279571533,0.25,0,unavailable:only_rollout_aggregate,,,,,,,,,,,,,unavailable,,,,,,,,,
049a591648d54ec93e7877a7b20f5314eeec0da2993646419239308d0f41f65c,think,living,2,1,74,38,1-2,1,50-100,3,,,,,,,,,,,,,,,,,1.1875,0.75,0.75,1,0.796875,0.29769623279571533,0.25,0,unavailable:only_rollout_aggregate,,,,,,,,,,,,,unavailable,,,,,,,,,
54e17ccf183d3b93b60a98bb05409ca1034c82137aa40d1e0f88e42abd197834,no_think,ad,2,2,76,39,1-2,2,50-100,0,,,,,,,,,,,,,,,,,0.796875,1.4298863410949707,0.0,,0.640625,1.3460040092468262,0.0,,unavailable:only_rollout_aggregate,,,,,,,,,,,,,,0.375,,,,False,0.1,0.375,"[0.125,0.375,0.375,0.125,0.125,0.125,0.375,0.125]",0.0
971a74d7b029c7239e78a3616dce4a3f87148de1a06572dc3d7f746237aa899e,no_think,ad,2,2,76,39,1-2,2,50-100,1,,,,,,,,,,,,,,,,,0.796875,1.4298863410949707,0.0,,0.640625,1.3460040092468262,0.0,,unavailable:only_rollout_aggregate,,,,,,,,,,,,,,0.375,,,,False,0.1,0.375,"[0.125,0.375,0.375,0.375,0.375,0.375,0.125,0.375]",0.0
e9ac0fcfff95f5229787ee4666e611a8405cd3f1e4b1079e19ec138122104909,no_think,ad,4,3,78,40,3-4,3+,50-100,0,0.09375,0.24803918541230538,False,False,0,0,0,,0.3125,0.24206145913796356,False,False,0,0,0,,0.0,0.1845349669456482,0.0,,0.15625,0.2292838990688324,0.0,,observed_directly:trace_every20,,,,,,,,,,,,,,0.625,True,False,False,False,0.2,0.625,"[0.625,0.125,0.625,0.125,0.625,0.625,0.125,0.625]",0.0
c765a7392fced4fd475192d07312352f6e4537babe9306a653ed8d61b66e34a5,no_think,video,15,15,78,40,5+,3+,50-100,1,,,,,,,,,,,,,,,,,0.0,0.1845349669456482,0.0,,0.15625,0.2292838990688324,0.0,,unavailable:only_rollout_aggregate,,,,,,,,,,,,,,0.125,,,,False,0.2,0.125,"[0.125,0.125,0.125,0.125,0.125,0.125,0.125,0.125]",0.0
4449170b272f400eb1fc0bd5f1afd2911ac9bcfcd7d0cc7d49ddc3fb13d413e3,no_think,prod,2,2,80,41,1-2,2,50-100,0,,,,,,,,,,,,,,,,,0.046875,0.22587481141090393,0.0,,0.0625,0.25,0.0,,unavailable:only_rollout_aggregate,,,,,,,,,,,,,,0.125,,,,False,0.1,0.125,"[0.125,0.125,0.125,0.125,0.125,0.125,0.125,0.125]",0.0
f5953a468618a9d3da7122971e816da8ad9a9be8913c727272c2bde259df7c03,no_think,prod,2,2,80,41,1-2,2,50-100,1,,,,,,,,,,,,,,,,,0.046875,0.22587481141090393,0.0,,0.0625,0.25,0.0,,unavailable:only_rollout_aggregate,,,,,,,,,,,,,,0.5,,,,False,0.1,0.5,"[0.5,0.5,0.5,0.25,0.25,0.25,0.25,0.5]",0.0
0eddc931ff5609d00efbc1357da1c62d44400ab7df83cfde0c20b8edd9c630c3,no_think,living,2,2,82,42,1-2,2,50-100,0,,,,,,,,,,,,,,,,,-0.0625,0.1530931144952774,0.5,,0.046875,0.2241312712430954,0.0,,unavailable:only_rollout_aggregate,,,,,,,,,,,,,,0.25,,,,False,0.1,0.25,"[0.25,0.25,0.25,0.125,0.125,0.25,0.25,0.25]",0.0
049a591648d54ec93e7877a7b20f5314eeec0da2993646419239308d0f41f65c,no_think,living,2,1,82,42,1-2,1,50-100,1,,,,,,,,,,,,,,,,,-0.0625,0.1530931144952774,0.5,,0.046875,0.2241312712430954,0.0,,unavailable:only_rollout_aggregate,,,,,,,,,,,,,,0.25,,,,False,0.1,0.25,"[0.125,0.125,0.25,0.125,0.125,0.125,0.25,0.125]",0.0
3e91e08a7bc05fa1612f2d9b8fe2d95b6e035debc995f2cc6447c17c7d15182f,think,video,17,11,84,43,5+,3+,50-100,0,,,,,,,,,,,,,,,,,0.40625,0.16237975656986237,0.5,0,1.4375,1.2365741729736328,0.25,2,unavailable:only_rollout_aggregate,3.0,3.0,1.0,0.0,1.0,1.0,0.01757084145106113,0.2505104585722083,0.2505104585722083,1.0,0.0,,observed_directly:dsr_trace_first2,,,,,,,,,
809ef03bd9265d7fb5680211aa1c59b55b147bda8aac79d2270f40e021b80804,think,video,20,16,84,43,5+,3+,50-100,1,,,,,,,,,,,,,,,,,0.40625,0.16237975656986237,0.5,0,1.4375,1.2365741729736328,0.25,2,unavailable:only_rollout_aggregate,,,,,,,,,,,,,unavailable,,,,,,,,,
d0847b2c76f55358e794e14ca456a5bd2688c3d286e6c31f2a17d08128d20479,think,ad,2,2,84,43,1-2,2,50-100,2,,,,,,,,,,,,,,,,,0.40625,0.16237975656986237,0.5,0,1.4375,1.2365741729736328,0.25,2,unavailable:only_rollout_aggregate,,,,,,,,,,,,,unavailable,,,,,,,,,
c2a167b7e6891c128e39b05820dd9e93931dfd00f3c9d9dd5d6935e512636d01,think,prod,2,2,84,43,1-2,2,50-100,3,,,,,,,,,,,,,,,,,0.40625,0.16237975656986237,0.5,0,1.4375,1.2365741729736328,0.25,2,unavailable:only_rollout_aggregate,,,,,,,,,,,,,unavailable,,,,,,,,,
9ec8bb893646f73b028db73987f15664f0d6bca63ea55b606828c8fc025f86b5,think,video,15,15,86,44,5+,3+,50-100,0,,,,,,,,,,,,,,,,,0.078125,0.08118987828493118,0.75,1,0.21875,0.09375,0.5,0,unavailable:only_rollout_aggregate,4.0,3.0,0.75,1.0,1.0,1.0,0.0046945436482630064,0.022957395851362236,0.022957395851362236,1.0,0.0,,observed_directly:dsr_trace_first2,,,,,,,,,
e666ffaed3823a149debfda15481a51d75015803e9b5e36f84c68307aa23dee5,think,video,12,12,86,44,5+,3+,50-100,1,,,,,,,,,,,,,,,,,0.078125,0.08118987828493118,0.75,1,0.21875,0.09375,0.5,0,unavailable:only_rollout_aggregate,,,,,,,,,,,,,unavailable,,,,,,,,,
7322361402c096d38ae72919053734e0d3d2b2fa851aaaa5e5d14dc0055eb435,think,ad,2,1,86,44,1-2,1,50-100,2,,,,,,,,,,,,,,,,,0.078125,0.08118987828493118,0.75,1,0.21875,0.09375,0.5,0,unavailable:only_rollout_aggregate,,,,,,,,,,,,,unavailable,,,,,,,,,
f1668ca638673a7c5e3562fb259c9c65fd121476c9cecf1d4e52b6100549f7cf,think,prod,3,1,86,44,3-4,1,50-100,3,,,,,,,,,,,,,,,,,0.078125,0.08118987828493118,0.75,1,0.21875,0.09375,0.5,0,unavailable:only_rollout_aggregate,,,,,,,,,,,,,unavailable,,,,,,,,,
3e91e08a7bc05fa1612f2d9b8fe2d95b6e035debc995f2cc6447c17c7d15182f,no_think,video,17,11,88,45,5+,3+,50-100,0,,,,,,,,,,,,,,,,,0.3125,0.4795325994491577,0.0,,0.234375,0.4444631040096283,0.0,,unavailable:only_rollout_aggregate,,,,,,,,,,,,,,0.25,,,,False,0.2,0.25,"[0.125,0.25,0.25,0.25,0.125,0.25,0.125,0.125]",0.0
809ef03bd9265d7fb5680211aa1c59b55b147bda8aac79d2270f40e021b80804,no_think,video,20,16,88,45,5+,3+,50-100,1,,,,,,,,,,,,,,,,,0.3125,0.4795325994491577,0.0,,0.234375,0.4444631040096283,0.0,,unavailable:only_rollout_aggregate,,,,,,,,,,,,,,0.125,,,,False,0.2,0.125,"[0.125,0.125,0.125,0.125,0.125,0.125,0.125,0.125]",0.0
d0847b2c76f55358e794e14ca456a5bd2688c3d286e6c31f2a17d08128d20479,no_think,ad,2,2,90,46,1-2,2,50-100,0,,,,,,,,,,,,,,,,,0.046875,0.23021139204502106,0.0,,0.03125,0.17399263381958008,0.5,,unavailable:only_rollout_aggregate,,,,,,,,,,,,,,0.25,,,,False,0.1,0.25,"[0.25,0.125,0.125,0.125,0.125,0.125,0.25,0.125]",0.0
c2a167b7e6891c128e39b05820dd9e93931dfd00f3c9d9dd5d6935e512636d01,no_think,prod,2,2,90,46,1-2,2,50-100,1,,,,,,,,,,,,,,,,,0.046875,0.23021139204502106,0.0,,0.03125,0.17399263381958008,0.5,,unavailable:only_rollout_aggregate,,,,,,,,,,,,,,0.5,,,,True,0.1,0.5,"[0.125,0.5,0.125,0.125,0.5,0.5,0.5,0.125]",0.05
9ec8bb893646f73b028db73987f15664f0d6bca63ea55b606828c8fc025f86b5,no_think,video,15,15,92,47,5+,3+,50-100,0,,,,,,,,,,,,,,,,,0.09375,0.12103073298931122,0.5,,0.046875,0.18025782704353333,0.0,,unavailable:only_rollout_aggregate,,,,,,,,,,,,,,0.25,,,,False,0.2,0.25,"[0.25,0.125,0.25,0.125,0.125,0.125,0.125,0.125]",0.0
e666ffaed3823a149debfda15481a51d75015803e9b5e36f84c68307aa23dee5,no_think,video,12,12,92,47,5+,3+,50-100,1,,,,,,,,,,,,,,,,,0.09375,0.12103073298931122,0.5,,0.046875,0.18025782704353333,0.0,,unavailable:only_rollout_aggregate,,,,,,,,,,,,,,0.25,,,,False,0.2,0.25,"[0.125,0.25,0.25,0.25,0.125,0.25,0.125,0.125]",0.0
7322361402c096d38ae72919053734e0d3d2b2fa851aaaa5e5d14dc0055eb435,no_think,ad,2,1,94,48,1-2,1,50-100,0,,,,,,,,,,,,,,,,,0.0,0.0,1.0,,-0.015625,0.04133986309170723,0.5,,unavailable:only_rollout_aggregate,,,,,,,,,,,,,,0.375,,,,True,0.1,0.375,"[0.375,0.375,0.125,0.125,0.125,0.375,0.125,0.125]",0.037500000000000006
f1668ca638673a7c5e3562fb259c9c65fd121476c9cecf1d4e52b6100549f7cf,no_think,prod,3,1,94,48,3-4,1,50-100,1,,,,,,,,,,,,,,,,,0.0,0.0,1.0,,-0.015625,0.04133986309170723,0.5,,unavailable:only_rollout_aggregate,,,,,,,,,,,,,,0.5,,,,False,0.1,0.5,"[0.5,0.5,0.5,0.5,0.125,0.125,0.125,0.125]",0.0
119e3f527cc020d71c5beacacb45031def8f75c30ea6b041adbee0d4bd1ba93c,think,prod,2,2,96,49,1-2,2,50-100,0,,,,,,,,,,,,,,,,,0.875,0.9742785692214966,0.5,0,1.203125,1.0524567365646362,0.5,0,unavailable:only_rollout_aggregate,3.0,3.0,1.0,0.0,1.0,1.0,0.0,0.1595853179606373,0.1595853179606373,0.6638341271842549,0.4998489320278168,,observed_directly:dsr_trace_first2,,,,,,,,,
bc0498e018bdd3399b55bb5f3b77e321ae15ef9e142b9906efe22d7e704a4641,think,prod,2,2,96,49,1-2,2,50-100,1,,,,,,,,,,,,,,,,,0.875,0.9742785692214966,0.5,0,1.203125,1.0524567365646362,0.5,0,unavailable:only_rollout_aggregate,,,,,,,,,,,,,unavailable,,,,,,,,,
a28c925e07ca8faa7afcfa75882b61a9c3036c1657e4af995cc5a6ffe520d2a3,think,prod,2,2,96,49,1-2,2,50-100,2,,,,,,,,,,,,,,,,,0.875,0.9742785692214966,0.5,0,1.203125,1.0524567365646362,0.5,0,unavailable:only_rollout_aggregate,,,,,,,,,,,,,unavailable,,,,,,,,,
8a27ccb17931890a0b4a730c68060763b6939392fef396f4a67436e45aba86a6,think,video,11,11,96,49,5+,3+,50-100,3,,,,,,,,,,,,,,,,,0.875,0.9742785692214966,0.5,0,1.203125,1.0524567365646362,0.5,0,unavailable:only_rollout_aggregate,,,,,,,,,,,,,unavailable,,,,,,,,,
40c5143f486f8e047652ac44f19dfdeb02309aa136d72761d9986c675ec92f2e,think,ad,2,2,98,50,1-2,2,50-100,0,,,,,,,,,,,,,,,,,5.5703125,1.3449516296386719,0.0,1,4.6875,1.3329980373382568,0.5,1,unavailable:only_rollout_aggregate,4.0,2.5,0.625,1.5,0.5,0.5,0.2038674728317671,0.2594627225972113,0.12950176981738226,0.5,-0.5772169828414917,,observed_directly:dsr_trace_first2,,,,,,,,,
d45c49008c172189901a55bfcf094cc6d2ce429a76740614e6fe28adb073ea3b,think,video,12,8,98,50,5+,3+,50-100,1,,,,,,,,,,,,,,,,,5.5703125,1.3449516296386719,0.0,1,4.6875,1.3329980373382568,0.5,1,unavailable:only_rollout_aggregate,,,,,,,,,,,,,unavailable,,,,,,,,,
b7293186fc1b2503be392a972d8f728d30402f23e530c0f84dd1d4c240b3be61,think,living,2,2,98,50,1-2,2,50-100,2,,,,,,,,,,,,,,,,,5.5703125,1.3449516296386719,0.0,1,4.6875,1.3329980373382568,0.5,1,unavailable:only_rollout_aggregate,,,,,,,,,,,,,unavailable,,,,,,,,,
06342e3516bd54b7db3b4cbaab5bd5cd22f4885d5d2c984bcde23810e0baff01,think,prod,6,2,98,50,5+,2,50-100,3,,,,,,,,,,,,,,,,,5.5703125,1.3449516296386719,0.0,1,4.6875,1.3329980373382568,0.5,1,unavailable:only_rollout_aggregate,,,,,,,,,,,,,unavailable,,,,,,,,,
119e3f527cc020d71c5beacacb45031def8f75c30ea6b041adbee0d4bd1ba93c,no_think,prod,2,2,100,51,1-2,2,100-150,0,,,,,,,,,,,,,,,,,-0.125,0.0,1.0,,0.3125,1.424730896949768,0.0,,unavailable:only_rollout_aggregate,,,,,,,,,,,,,,0.25,,,,False,0.1,0.25,"[0.125,0.125,0.25,0.25,0.125,0.125,0.125,0.125]",0.0
bc0498e018bdd3399b55bb5f3b77e321ae15ef9e142b9906efe22d7e704a4641,no_think,prod,2,2,100,51,1-2,2,100-150,1,,,,,,,,,,,,,,,,,-0.125,0.0,1.0,,0.3125,1.424730896949768,0.0,,unavailable:only_rollout_aggregate,,,,,,,,,,,,,,0.25,,,,False,0.1,0.25,"[0.125,0.125,0.25,0.25,0.25,0.25,0.125,0.125]",0.0
a28c925e07ca8faa7afcfa75882b61a9c3036c1657e4af995cc5a6ffe520d2a3,no_think,prod,2,2,102,52,1-2,2,100-150,0,,,,,,,,,,,,,,,,,0.046875,0.12401959300041199,0.5,,0.09375,0.24803918600082397,0.0,,unavailable:only_rollout_aggregate,,,,,,,,,,,,,,0.25,,,,False,0.1,0.25,"[0.25,0.125,0.125,0.25,0.125,0.125,0.25,0.25]",0.0
8a27ccb17931890a0b4a730c68060763b6939392fef396f4a67436e45aba86a6,no_think,video,11,11,102,52,5+,3+,100-150,1,,,,,,,,,,,,,,,,,0.046875,0.12401959300041199,0.5,,0.09375,0.24803918600082397,0.0,,unavailable:only_rollout_aggregate,,,,,,,,,,,,,,0.25,,,,False,0.2,0.25,"[0.125,0.125,0.125,0.125,0.125,0.25,0.25,0.125]",0.0
40c5143f486f8e047652ac44f19dfdeb02309aa136d72761d9986c675ec92f2e,no_think,ad,2,2,104,53,1-2,2,100-150,0,,,,,,,,,,,,,,,,,-0.203125,0.09546644985675812,0.0,,-0.09375,0.18353073298931122,0.0,,unavailable:only_rollout_aggregate,,,,,,,,,,,,,,0.5,,,,False,0.1,0.5,"[0.5,0.125,0.125,0.5,0.125,0.5,0.5,0.125]",0.0
d45c49008c172189901a55bfcf094cc6d2ce429a76740614e6fe28adb073ea3b,no_think,video,12,8,104,53,5+,3+,100-150,1,,,,,,,,,,,,,,,,,-0.203125,0.09546644985675812,0.0,,-0.09375,0.18353073298931122,0.0,,unavailable:only_rollout_aggregate,,,,,,,,,,,,,,0.25,,,,False,0.2,0.25,"[0.125,0.25,0.125,0.25,0.125,0.125,0.125,0.125]",0.0
b7293186fc1b2503be392a972d8f728d30402f23e530c0f84dd1d4c240b3be61,no_think,living,2,2,106,54,1-2,2,100-150,0,,,,,,,,,,,,,,,,,1.546875,2.059659242630005,0.0,,1.46875,2.0575225353240967,0.0,,unavailable:only_rollout_aggregate,,,,,,,,,,,,,,0.125,,,,False,0.1,0.125,"[0.125,0.125,0.125,0.125,0.125,0.125,0.125,0.125]",0.0
06342e3516bd54b7db3b4cbaab5bd5cd22f4885d5d2c984bcde23810e0baff01,no_think,prod,6,2,106,54,5+,2,100-150,1,,,,,,,,,,,,,,,,,1.546875,2.059659242630005,0.0,,1.46875,2.0575225353240967,0.0,,unavailable:only_rollout_aggregate,,,,,,,,,,,,,,0.375,,,,False,0.1,0.375,"[0.375,0.125,0.375,0.375,0.375,0.125,0.375,0.375]",0.0
ff62985956d9168edb6a7111482ba99c4b90534f0475b22ca3dc720fc3565fea,think,video,19,16,108,55,5+,3+,100-150,0,,,,,,,,,,,,,,,,,3.8876953125,0.585724413394928,0.25,0,3.744140625,0.7159345149993896,0.25,0,unavailable:only_rollout_aggregate,3.5,3.5,1.0,0.0,0.9880952380952381,0.9940476190476191,0.02237826583007535,0.570633292332503,0.5674952246424638,0.9940476190476191,-0.5663662552833557,,observed_directly:dsr_trace_first2,,,,,,,,,
67ab58f9ad082946b52ca1500ae4d6d55ed6f546c7c833fb4b686374589ce564,think,prod,2,2,108,55,1-2,2,100-150,1,,,,,,,,,,,,,,,,,3.8876953125,0.585724413394928,0.25,0,3.744140625,0.7159345149993896,0.25,0,unavailable:only_rollout_aggregate,,,,,,,,,,,,,unavailable,,,,,,,,,
c4a730a681582c59f8a09e4784e4832a57be0755ed4cc69d6e8494963b358a0a,think,video,20,17,108,55,5+,3+,100-150,2,,,,,,,,,,,,,,,,,3.8876953125,0.585724413394928,0.25,0,3.744140625,0.7159345149993896,0.25,0,unavailable:only_rollout_aggregate,,,,,,,,,,,,,unavailable,,,,,,,,,
cf90ee92683994f10d62264ea7fee5a8bc3de32ebbe08b1caa403757cecf5f58,think,video,14,11,108,55,5+,3+,100-150,3,,,,,,,,,,,,,,,,,3.8876953125,0.585724413394928,0.25,0,3.744140625,0.7159345149993896,0.25,0,unavailable:only_rollout_aggregate,,,,,,,,,,,,,unavailable,,,,,,,,,
cf06cb7a094ce31fc28173c0b1fc82bb0d2074dce3775fc7204962cef4222eb6,think,ad,3,2,110,56,3-4,2,100-150,0,,,,,,,,,,,,,,,,,2.421875,1.9333133697509766,0.25,0,3.02734375,1.974037766456604,0.25,1,unavailable:only_rollout_aggregate,1.5,1.5,1.0,0.0,0.5,0.5,0.1462645735988937,0.30122665859764375,0.20036959794968237,0.5,-0.5772169828414917,,observed_directly:dsr_trace_first2,,,,,,,,,
2e028f42872c6fd66b8297fc37f8e9b3645f27d0163dfbac8c71c5292b720329,think,video,12,10,110,56,5+,3+,100-150,1,,,,,,,,,,,,,,,,,2.421875,1.9333133697509766,0.25,0,3.02734375,1.974037766456604,0.25,1,unavailable:only_rollout_aggregate,,,,,,,,,,,,,unavailable,,,,,,,,,
b7e4d4511fa1408aa85399b08ebb8e052feebe7c0512ed4d71410d945a556f05,think,ad,2,2,110,56,1-2,2,100-150,2,,,,,,,,,,,,,,,,,2.421875,1.9333133697509766,0.25,0,3.02734375,1.974037766456604,0.25,1,unavailable:only_rollout_aggregate,,,,,,,,,,,,,unavailable,,,,,,,,,
0c186d14bafbc1a28a6c9eb589ea17afb27ea6e04411c5e1efaada44ac525e29,think,prod,2,2,110,56,1-2,2,100-150,3,,,,,,,,,,,,,,,,,2.421875,1.9333133697509766,0.25,0,3.02734375,1.974037766456604,0.25,1,unavailable:only_rollout_aggregate,,,,,,,,,,,,,unavailable,,,,,,,,,
ff62985956d9168edb6a7111482ba99c4b90534f0475b22ca3dc720fc3565fea,no_think,video,19,16,112,57,5+,3+,100-150,0,,,,,,,,,,,,,,,,,0.03125,0.2398976981639862,0.0,,-0.03125,0.16237975656986237,0.0,,unavailable:only_rollout_aggregate,,,,,,,,,,,,,,0.25,,,,False,0.2,0.25,"[0.25,0.125,0.125,0.125,0.125,0.125,0.25,0.125]",0.0
67ab58f9ad082946b52ca1500ae4d6d55ed6f546c7c833fb4b686374589ce564,no_think,prod,2,2,112,57,1-2,2,100-150,1,,,,,,,,,,,,,,,,,0.03125,0.2398976981639862,0.0,,-0.03125,0.16237975656986237,0.0,,unavailable:only_rollout_aggregate,,,,,,,,,,,,,,0.25,,,,False,0.1,0.25,"[0.25,0.125,0.125,0.125,0.125,0.25,0.125,0.125]",0.0
c4a730a681582c59f8a09e4784e4832a57be0755ed4cc69d6e8494963b358a0a,no_think,video,20,17,114,58,5+,3+,100-150,0,,,,,,,,,,,,,,,,,0.21875,0.4779801368713379,0.0,,0.25,0.4330126941204071,0.0,,unavailable:only_rollout_aggregate,,,,,,,,,,,,,,0.375,,,,False,0.2,0.375,"[0.125,0.125,0.375,0.125,0.375,0.125,0.125,0.375]",0.0
cf90ee92683994f10d62264ea7fee5a8bc3de32ebbe08b1caa403757cecf5f58,no_think,video,14,11,114,58,5+,3+,100-150,1,,,,,,,,,,,,,,,,,0.21875,0.4779801368713379,0.0,,0.25,0.4330126941204071,0.0,,unavailable:only_rollout_aggregate,,,,,,,,,,,,,,0.25,,,,False,0.2,0.25,"[0.125,0.25,0.125,0.125,0.125,0.125,0.25,0.125]",0.0
cf06cb7a094ce31fc28173c0b1fc82bb0d2074dce3775fc7204962cef4222eb6,no_think,ad,3,2,116,59,3-4,2,100-150,0,,,,,,,,,,,,,,,,,0.609375,1.4428976774215698,0.0,,1.140625,2.596519708633423,0.0,,unavailable:only_rollout_aggregate,,,,,,,,,,,,,,0.75,,,,False,0.1,0.75,"[0.75,0.75,0.75,0.125,0.75,0.125,0.75,0.75]",0.0
2e028f42872c6fd66b8297fc37f8e9b3645f27d0163dfbac8c71c5292b720329,no_think,video,12,10,116,59,5+,3+,100-150,1,,,,,,,,,,,,,,,,,0.609375,1.4428976774215698,0.0,,1.140625,2.596519708633423,0.0,,unavailable:only_rollout_aggregate,,,,,,,,,,,,,,0.125,,,,False,0.2,0.125,"[0.125,0.125,0.125,0.125,0.125,0.125,0.125,0.125]",0.0
b7e4d4511fa1408aa85399b08ebb8e052feebe7c0512ed4d71410d945a556f05,no_think,ad,2,2,118,60,1-2,2,100-150,0,1.0,2.6457513110645907,False,False,0,0,0,,0.0,0.0,True,True,0,0,0,,0.53125,1.4590911865234375,0.0,,-0.03125,0.12103073298931122,0.5,,observed_directly:trace_every20,,,,,,,,,,,,,,0.25,False,False,False,True,0.1,0.25,"[0.125,0.25,0.25,0.25,0.125,0.25,0.25,0.25]",0.025
0c186d14bafbc1a28a6c9eb589ea17afb27ea6e04411c5e1efaada44ac525e29,no_think,prod,2,2,118,60,1-2,2,100-150,1,,,,,,,,,,,,,,,,,0.53125,1.4590911865234375,0.0,,-0.03125,0.12103073298931122,0.5,,unavailable:only_rollout_aggregate,,,,,,,,,,,,,,0.125,,,,False,0.1,0.125,"[0.125,0.125,0.125,0.125,0.125,0.125,0.125,0.125]",0.0
b6fea39a1bf187c715f59f6e66d65e7d18cd0a047d9e02c2aac81b07749b36bc,think,prod,2,2,120,61,1-2,2,100-150,0,,,,,,,,,,,,,,,,,1.703125,1.0629184246063232,0.5,0,0.59375,0.920151948928833,0.5,0,unavailable:only_rollout_aggregate,3.5,2.5,0.75,1.0,1.0,1.0,0.03984444033442407,0.6562843048931446,0.6562843048931446,1.0,0.0,,observed_directly:dsr_trace_first2,,,,,,,,,
1ee593e5284d5773b470c17a676137aafe862db740c00bb5f81fabf4642a0302,think,prod,2,2,120,61,1-2,2,100-150,1,,,,,,,,,,,,,,,,,1.703125,1.0629184246063232,0.5,0,0.59375,0.920151948928833,0.5,0,unavailable:only_rollout_aggregate,,,,,,,,,,,,,unavailable,,,,,,,,,
36dad14cd22e5786cb3e43ef8f2586c63dff82b0d0772191718bb539f631334e,think,prod,2,2,120,61,1-2,2,100-150,2,,,,,,,,,,,,,,,,,1.703125,1.0629184246063232,0.5,0,0.59375,0.920151948928833,0.5,0,unavailable:only_rollout_aggregate,,,,,,,,,,,,,unavailable,,,,,,,,,
0699177fb5346347fd46bae64fd3e71642bfb1f9c4b9e3c37d2d1748877f4c28,think,video,12,11,120,61,5+,3+,100-150,3,,,,,,,,,,,,,,,,,1.703125,1.0629184246063232,0.5,0,0.59375,0.920151948928833,0.5,0,unavailable:only_rollout_aggregate,,,,,,,,,,,,,unavailable,,,,,,,,,
1fcd0948aea44098db024fdec8fca37adeae8371dcd95098960e813e585db6ef,think,ad,2,2,122,62,1-2,2,100-150,0,,,,,,,,,,,,,,,,,0.546875,0.24356964230537415,0.75,0,0.4375,0.2538762092590332,0.75,0,unavailable:only_rollout_aggregate,4.0,2.5,0.625,1.5,0.5,0.5,0.0,0.5708473876816468,0.3715932185515029,0.44863728742060116,-0.010842442512512207,,observed_directly:dsr_trace_first2,,,,,,,,,
2fbb89ca71192c54b77334f632acd194fef8072126bcf8ed40248af90a714f9f,think,ad,6,5,122,62,5+,3+,100-150,1,,,,,,,,,,,,,,,,,0.546875,0.24356964230537415,0.75,0,0.4375,0.2538762092590332,0.75,0,unavailable:only_rollout_aggregate,,,,,,,,,,,,,unavailable,,,,,,,,,
ce21a6f86fbbf6fdae9b0636beffd14586c0a7ff1347814523b46b91437569db,think,ad,2,1,122,62,1-2,1,100-150,2,,,,,,,,,,,,,,,,,0.546875,0.24356964230537415,0.75,0,0.4375,0.2538762092590332,0.75,0,unavailable:only_rollout_aggregate,,,,,,,,,,,,,unavailable,,,,,,,,,
a2f4ebd777ef3bd7ff06c9868fc20c7e63b5503cb793778c5c7229568bbc22b7,think,prod,2,2,122,62,1-2,2,100-150,3,,,,,,,,,,,,,,,,,0.546875,0.24356964230537415,0.75,0,0.4375,0.2538762092590332,0.75,0,unavailable:only_rollout_aggregate,,,,,,,,,,,,,unavailable,,,,,,,,,
b6fea39a1bf187c715f59f6e66d65e7d18cd0a047d9e02c2aac81b07749b36bc,no_think,prod,2,2,124,63,1-2,2,100-150,0,,,,,,,,,,,,,,,,,-0.015625,0.04133986309170723,0.5,,0.0,0.0,1.0,,unavailable:only_rollout_aggregate,,,,,,,,,,,,,,0.5,,,,True,0.1,0.5,"[0.5,0.125,0.125,0.5,0.5,0.125,0.5,0.125]",0.05
1ee593e5284d5773b470c17a676137aafe862db740c00bb5f81fabf4642a0302,no_think,prod,2,2,124,63,1-2,2,100-150,1,,,,,,,,,,,,,,,,,-0.015625,0.04133986309170723,0.5,,0.0,0.0,1.0,,unavailable:only_rollout_aggregate,,,,,,,,,,,,,,0.375,,,,True,0.1,0.375,"[0.125,0.375,0.375,0.125,0.125,0.375,0.125,0.125]",0.037500000000000006
36dad14cd22e5786cb3e43ef8f2586c63dff82b0d0772191718bb539f631334e,no_think,prod,2,2,126,64,1-2,2,100-150,0,,,,,,,,,,,,,,,,,-0.09375,0.11662659049034119,0.0,,0.53125,1.4218686819076538,0.0,,unavailable:only_rollout_aggregate,,,,,,,,,,,,,,0.25,,,,False,0.1,0.25,"[0.25,0.125,0.25,0.25,0.125,0.25,0.125,0.125]",0.0
0699177fb5346347fd46bae64fd3e71642bfb1f9c4b9e3c37d2d1748877f4c28,no_think,video,12,11,126,64,5+,3+,100-150,1,,,,,,,,,,,,,,,,,-0.09375,0.11662659049034119,0.0,,0.53125,1.4218686819076538,0.0,,unavailable:only_rollout_aggregate,,,,,,,,,,,,,,0.25,,,,False,0.2,0.25,"[0.125,0.125,0.25,0.125,0.125,0.125,0.25,0.125]",0.0
1fcd0948aea44098db024fdec8fca37adeae8371dcd95098960e813e585db6ef,no_think,ad,2,2,128,65,1-2,2,100-150,0,,,,,,,,,,,,,,,,,0.125,0.125,0.5,,0.484375,1.3294111490249634,0.5,,unavailable:only_rollout_aggregate,,,,,,,,,,,,,,0.5,,,,True,0.1,0.5,"[0.5,0.125,0.5,0.5,0.125,0.5,0.125,0.125]",0.05
2fbb89ca71192c54b77334f632acd194fef8072126bcf8ed40248af90a714f9f,no_think,ad,6,5,128,65,5+,3+,100-150,1,,,,,,,,,,,,,,,,,0.125,0.125,0.5,,0.484375,1.3294111490249634,0.5,,unavailable:only_rollout_aggregate,,,,,,,,,,,,,,0.25,,,,False,0.2,0.25,"[0.125,0.125,0.25,0.125,0.125,0.25,0.125,0.125]",0.0
ce21a6f86fbbf6fdae9b0636beffd14586c0a7ff1347814523b46b91437569db,no_think,ad,2,1,130,66,1-2,1,100-150,0,,,,,,,,,,,,,,,,,0.203125,0.3754853904247284,0.0,,0.1875,0.37168946862220764,0.0,,unavailable:only_rollout_aggregate,,,,,,,,,,,,,,0.125,,,,False,0.1,0.125,"[0.125,0.125,0.125,0.125,0.125,0.125,0.125,0.125]",0.0
a2f4ebd777ef3bd7ff06c9868fc20c7e63b5503cb793778c5c7229568bbc22b7,no_think,prod,2,2,130,66,1-2,2,100-150,1,,,,,,,,,,,,,,,,,0.203125,0.3754853904247284,0.0,,0.1875,0.37168946862220764,0.0,,unavailable:only_rollout_aggregate,,,,,,,,,,,,,,0.375,,,,False,0.1,0.375,"[0.375,0.125,0.375,0.375,0.125,0.125,0.125,0.125]",0.0
2a6242f5b050eb181d229a20799f37eabdf9b71e6ec0ba7072b492a338214bba,think,prod,2,1,132,67,1-2,1,100-150,0,,,,,,,,,,,,,,,,,4.0625,0.0625,0.75,0,4.09375,0.05412658676505089,0.75,0,unavailable:only_rollout_aggregate,3.5,3.5,1.0,0.0,1.0,1.0,0.0704181547239451,0.6140694611461738,0.6140694611461738,1.0,0.0,,observed_directly:dsr_trace_first2,,,,,,,,,
89469262045023704737991e026af7ab9bcec2ba5b15e1cbd3d232f1561c16ba,think,ad,3,1,132,67,3-4,1,100-150,1,,,,,,,,,,,,,,,,,4.0625,0.0625,0.75,0,4.09375,0.05412658676505089,0.75,0,unavailable:only_rollout_aggregate,,,,,,,,,,,,,unavailable,,,,,,,,,
97c784270dfb4acf1f7f161ca2f0ed15d02f286d865f4443d7325040b1edea75,think,prod,2,2,132,67,1-2,2,100-150,2,,,,,,,,,,,,,,,,,4.0625,0.0625,0.75,0,4.09375,0.05412658676505089,0.75,0,unavailable:only_rollout_aggregate,,,,,,,,,,,,,unavailable,,,,,,,,,
a613353a507645a4c300ec8f826d931890bf54a3a6d60e87402b036cb066c093,think,ad,2,2,132,67,1-2,2,100-150,3,,,,,,,,,,,,,,,,,4.0625,0.0625,0.75,0,4.09375,0.05412658676505089,0.75,0,unavailable:only_rollout_aggregate,,,,,,,,,,,,,unavailable,,,,,,,,,
6cb07a9f34605479d1ccdc927a8b3dddca1c47658eb12f14fe22f49bb774907f,think,video,14,12,134,68,5+,3+,100-150,0,,,,,,,,,,,,,,,,,6.15625,1.8576520681381226,0.25,0,6.5625,1.7320507764816284,0.5,0,unavailable:only_rollout_aggregate,4.0,4.0,1.0,0.0,1.0,1.0,0.0,0.4007569167736712,0.4007569167736712,0.7603027667094685,0.7905828058719635,,observed_directly:dsr_trace_first2,,,,,,,,,
2265829cde3373db4881e93c00b9baa231bebd4a7442c9a93f7699f65757f5b1,think,ad,5,4,134,68,5+,3+,100-150,1,,,,,,,,,,,,,,,,,6.15625,1.8576520681381226,0.25,0,6.5625,1.7320507764816284,0.5,0,unavailable:only_rollout_aggregate,,,,,,,,,,,,,unavailable,,,,,,,,,
3447ef18305a260a22097d338f7dd0493fc4337f826f0ae2402bd9431ee0547e,think,prod,2,1,134,68,1-2,1,100-150,2,,,,,,,,,,,,,,,,,6.15625,1.8576520681381226,0.25,0,6.5625,1.7320507764816284,0.5,0,unavailable:only_rollout_aggregate,,,,,,,,,,,,,unavailable,,,,,,,,,
c3f3f46fb3d5518acb4a975c373b1d6caba3d2faf9add77aa4cfc224634d4f5f,think,prod,2,2,134,68,1-2,2,100-150,3,,,,,,,,,,,,,,,,,6.15625,1.8576520681381226,0.25,0,6.5625,1.7320507764816284,0.5,0,unavailable:only_rollout_aggregate,,,,,,,,,,,,,unavailable,,,,,,,,,
2a6242f5b050eb181d229a20799f37eabdf9b71e6ec0ba7072b492a338214bba,no_think,prod,2,1,136,69,1-2,1,100-150,0,,,,,,,,,,,,,,,,,0.09375,0.31715285778045654,0.5,,0.96875,1.7333910465240479,0.0,,unavailable:only_rollout_aggregate,,,,,,,,,,,,,,0.25,,,,False,0.1,0.25,"[0.125,0.125,0.25,0.25,0.125,0.25,0.125,0.25]",0.0
89469262045023704737991e026af7ab9bcec2ba5b15e1cbd3d232f1561c16ba,no_think,ad,3,1,136,69,3-4,1,100-150,1,,,,,,,,,,,,,,,,,0.09375,0.31715285778045654,0.5,,0.96875,1.7333910465240479,0.0,,unavailable:only_rollout_aggregate,,,,,,,,,,,,,,0.625,,,,False,0.1,0.625,"[0.625,0.625,0.625,0.125,0.125,0.625,0.625,0.125]",0.0
97c784270dfb4acf1f7f161ca2f0ed15d02f286d865f4443d7325040b1edea75,no_think,prod,2,2,138,70,1-2,2,100-150,0,,,,,,,,,,,,,,,,,0.015625,0.09757809340953827,0.5,,0.0625,0.10825317353010178,0.5,,unavailable:only_rollout_aggregate,,,,,,,,,,,,,,0.375,,,,False,0.1,0.375,"[0.125,0.375,0.125,0.125,0.125,0.125,0.375,0.375]",0.0
a613353a507645a4c300ec8f826d931890bf54a3a6d60e87402b036cb066c093,no_think,ad,2,2,138,70,1-2,2,100-150,1,,,,,,,,,,,,,,,,,0.015625,0.09757809340953827,0.5,,0.0625,0.10825317353010178,0.5,,unavailable:only_rollout_aggregate,,,,,,,,,,,,,,0.25,,,,True,0.1,0.25,"[0.25,0.25,0.125,0.25,0.125,0.125,0.125,0.25]",0.025
6cb07a9f34605479d1ccdc927a8b3dddca1c47658eb12f14fe22f49bb774907f,no_think,video,14,12,140,71,5+,3+,100-150,0,,,,,,,,,,,,,,,,,0.625,1.3589452505111694,0.0,,1.484375,2.058873414993286,0.0,,unavailable:only_rollout_aggregate,,,,,,,,,,,,,,0.375,,,,False,0.2,0.375,"[0.375,0.125,0.125,0.125,0.375,0.125,0.125,0.375]",0.0
2265829cde3373db4881e93c00b9baa231bebd4a7442c9a93f7699f65757f5b1,no_think,ad,5,4,140,71,5+,3+,100-150,1,,,,,,,,,,,,,,,,,0.625,1.3589452505111694,0.0,,1.484375,2.058873414993286,0.0,,unavailable:only_rollout_aggregate,,,,,,,,,,,,,,0.375,,,,False,0.2,0.375,"[0.375,0.125,0.25,0.375,0.125,0.25,0.125,0.375]",0.0
3447ef18305a260a22097d338f7dd0493fc4337f826f0ae2402bd9431ee0547e,no_think,prod,2,1,142,72,1-2,1,100-150,0,,,,,,,,,,,,,,,,,0.65625,1.4008854627609253,0.0,,0.0625,0.10825317353010178,0.5,,unavailable:only_rollout_aggregate,,,,,,,,,,,,,,0.25,,,,False,0.1,0.25,"[0.125,0.25,0.125,0.125,0.25,0.25,0.125,0.25]",0.0
c3f3f46fb3d5518acb4a975c373b1d6caba3d2faf9add77aa4cfc224634d4f5f,no_think,prod,2,2,142,72,1-2,2,100-150,1,,,,,,,,,,,,,,,,,0.65625,1.4008854627609253,0.0,,0.0625,0.10825317353010178,0.5,,unavailable:only_rollout_aggregate,,,,,,,,,,,,,,0.625,,,,True,0.1,0.625,"[0.125,0.125,0.625,0.625,0.125,0.625,0.625,0.625]",0.0625
088f1e67b7743d30d88414fb32637c59e3f2688e5b7bb703b08adb0578885af3,think,video,16,12,144,73,5+,3+,100-150,0,,,,,,,,,,,,,,,,,2.6875,0.8118988275527954,0.75,0,1.375,0.9468051195144653,0.5,0,unavailable:only_rollout_aggregate,1.5,1.5,1.0,0.0,0.5,0.5,0.038520619314501174,0.33582676014370816,0.1361295759152302,0.22311237158870073,0.009766370058059692,,observed_directly:dsr_trace_first2,,,,,,,,,
5d0b68a1956bc3dd811f2aeb967b629ab6346192b32c0c59c03acb38ff10ed02,think,ad,3,3,144,73,3-4,3+,100-150,1,,,,,,,,,,,,,,,,,2.6875,0.8118988275527954,0.75,0,1.375,0.9468051195144653,0.5,0,unavailable:only_rollout_aggregate,,,,,,,,,,,,,unavailable,,,,,,,,,
970a2fc504dcc3bfe9a098b6f67d94dd713eaa71f5a81b50ff1cc799d153ec6e,think,video,15,13,144,73,5+,3+,100-150,2,,,,,,,,,,,,,,,,,2.6875,0.8118988275527954,0.75,0,1.375,0.9468051195144653,0.5,0,unavailable:only_rollout_aggregate,,,,,,,,,,,,,unavailable,,,,,,,,,
afa63af1f633d4149a1c3a28f081476dee73cb31dc7e9c3a7e3c16b0be026339,think,video,14,14,144,73,5+,3+,100-150,3,,,,,,,,,,,,,,,,,2.6875,0.8118988275527954,0.75,0,1.375,0.9468051195144653,0.5,0,unavailable:only_rollout_aggregate,,,,,,,,,,,,,unavailable,,,,,,,,,
555f4b5612361ada7dc25cdab202fcc8c27d9329005132538e4546a760ccf084,think,ad,2,2,146,74,1-2,2,100-150,0,,,,,,,,,,,,,,,,,0.625,0.0,1.0,0,1.0,0.6495190262794495,0.75,0,unavailable:only_rollout_aggregate,3.0,3.0,1.0,0.0,0.9761904761904762,0.9880952380952381,0.0,0.7552421283829365,0.7461949834392285,0.8913351362328343,0.4881451381370425,,observed_directly:dsr_trace_first2,,,,,,,,,
1abeacdef98debbce75392b9f3482d1ebda3c7a523cab76597e490e72b0fde3d,think,prod,2,2,146,74,1-2,2,100-150,1,,,,,,,,,,,,,,,,,0.625,0.0,1.0,0,1.0,0.6495190262794495,0.75,0,unavailable:only_rollout_aggregate,,,,,,,,,,,,,unavailable,,,,,,,,,
0d63ce67704c57832b525625092ca93a3d169ccd3e534f3e868b3fd92e8e9c80,think,living,2,1,146,74,1-2,1,100-150,2,,,,,,,,,,,,,,,,,0.625,0.0,1.0,0,1.0,0.6495190262794495,0.75,0,unavailable:only_rollout_aggregate,,,,,,,,,,,,,unavailable,,,,,,,,,
aeaad89f4ff836b72cacf6503749977d1fef8743304e656601454a6d281e4988,think,ad,2,2,146,74,1-2,2,100-150,3,,,,,,,,,,,,,,,,,0.625,0.0,1.0,0,1.0,0.6495190262794495,0.75,0,unavailable:only_rollout_aggregate,,,,,,,,,,,,,unavailable,,,,,,,,,
088f1e67b7743d30d88414fb32637c59e3f2688e5b7bb703b08adb0578885af3,no_think,video,16,12,148,75,5+,3+,100-150,0,,,,,,,,,,,,,,,,,0.109375,0.18154609203338623,0.0,,0.140625,0.1457403004169464,0.5,,unavailable:only_rollout_aggregate,,,,,,,,,,,,,,0.25,,,,False,0.2,0.25,"[0.125,0.25,0.125,0.25,0.125,0.25,0.25,0.125]",0.0
5d0b68a1956bc3dd811f2aeb967b629ab6346192b32c0c59c03acb38ff10ed02,no_think,ad,3,3,148,75,3-4,3+,100-150,1,,,,,,,,,,,,,,,,,0.109375,0.18154609203338623,0.0,,0.140625,0.1457403004169464,0.5,,unavailable:only_rollout_aggregate,,,,,,,,,,,,,,0.25,,,,True,0.2,0.25,"[0.125,0.125,0.25,0.25,0.125,0.125,0.125,0.125]",0.05
970a2fc504dcc3bfe9a098b6f67d94dd713eaa71f5a81b50ff1cc799d153ec6e,no_think,video,15,13,150,76,5+,3+,150-200,0,,,,,,,,,,,,,,,,,0.015625,0.09757809340953827,0.5,,0.09375,0.38044196367263794,0.0,,unavailable:only_rollout_aggregate,,,,,,,,,,,,,,0.25,,,,False,0.2,0.25,"[0.125,0.125,0.125,0.125,0.125,0.125,0.25,0.25]",0.0
afa63af1f633d4149a1c3a28f081476dee73cb31dc7e9c3a7e3c16b0be026339,no_think,video,14,14,150,76,5+,3+,150-200,1,,,,,,,,,,,,,,,,,0.015625,0.09757809340953827,0.5,,0.09375,0.38044196367263794,0.0,,unavailable:only_rollout_aggregate,,,,,,,,,,,,,,0.25,,,,False,0.2,0.25,"[0.25,0.125,0.125,0.125,0.125,0.125,0.25,0.125]",0.0
555f4b5612361ada7dc25cdab202fcc8c27d9329005132538e4546a760ccf084,no_think,ad,2,2,152,77,1-2,2,150-200,0,,,,,,,,,,,,,,,,,-0.078125,0.20669931173324585,0.0,,0.0,0.0,1.0,,unavailable:only_rollout_aggregate,,,,,,,,,,,,,,0.125,,,,True,0.1,0.125,"[0.125,0.125,0.125,0.125,0.125,0.125,0.125,0.125]",0.0125
1abeacdef98debbce75392b9f3482d1ebda3c7a523cab76597e490e72b0fde3d,no_think,prod,2,2,152,77,1-2,2,150-200,1,,,,,,,,,,,,,,,,,-0.078125,0.20669931173324585,0.0,,0.0,0.0,1.0,,unavailable:only_rollout_aggregate,,,,,,,,,,,,,,0.125,,,,True,0.1,0.125,"[0.125,0.125,0.125,0.125,0.125,0.125,0.125,0.125]",0.0125
0d63ce67704c57832b525625092ca93a3d169ccd3e534f3e868b3fd92e8e9c80,no_think,living,2,1,154,78,1-2,1,150-200,0,,,,,,,,,,,,,,,,,0.171875,0.44063761830329895,0.0,,0.171875,0.483335942029953,0.0,,unavailable:only_rollout_aggregate,,,,,,,,,,,,,,0.375,,,,False,0.1,0.375,"[0.375,0.375,0.25,0.25,0.125,0.375,0.25,0.25]",0.0
aeaad89f4ff836b72cacf6503749977d1fef8743304e656601454a6d281e4988,no_think,ad,2,2,154,78,1-2,2,150-200,1,,,,,,,,,,,,,,,,,0.171875,0.44063761830329895,0.0,,0.171875,0.483335942029953,0.0,,unavailable:only_rollout_aggregate,,,,,,,,,,,,,,0.5,,,,False,0.1,0.5,"[0.5,0.125,0.25,0.5,0.5,0.25,0.125,0.5]",0.0
dbdc2b1e83f6950024974ccd14550fe2b9112dc429a99114137ec4a0778c2d26,think,video,15,12,156,79,5+,3+,150-200,0,,,,,,,,,,,,,,,,,7.90234375,1.310378909111023,0.5,0,5.9375,3.3567211627960205,0.0,0,unavailable:only_rollout_aggregate,4.0,4.0,1.0,0.0,1.0,1.0,0.004861359120657515,0.6722874329980681,0.6722874329980681,1.0,0.0,,observed_directly:dsr_trace_first2,,,,,,,,,
babc50ffd95f54c42ca738d732cb552dadb287d66aac1bc679514ba7eff8b42a,think,video,11,9,156,79,5+,3+,150-200,1,,,,,,,,,,,,,,,,,7.90234375,1.310378909111023,0.5,0,5.9375,3.3567211627960205,0.0,0,unavailable:only_rollout_aggregate,,,,,,,,,,,,,unavailable,,,,,,,,,
9d1e3633d5057ea877251ea0741babd775eff4d82ce8697a8a1ce1362e1b871b,think,ad,2,2,156,79,1-2,2,150-200,2,,,,,,,,,,,,,,,,,7.90234375,1.310378909111023,0.5,0,5.9375,3.3567211627960205,0.0,0,unavailable:only_rollout_aggregate,,,,,,,,,,,,,unavailable,,,,,,,,,
c017412042a6c52384996c53924bdc9318844a7b572b34cb1f13e6f7529ed6f4,think,video,13,8,156,79,5+,3+,150-200,3,,,,,,,,,,,,,,,,,7.90234375,1.310378909111023,0.5,0,5.9375,3.3567211627960205,0.0,0,unavailable:only_rollout_aggregate,,,,,,,,,,,,,unavailable,,,,,,,,,
1e69a31d62cece5fd7a4f6155c0dc1f441d5f7b7609287c44f893e8a2c0fa63d,think,prod,3,2,158,80,3-4,2,150-200,0,4.25,4.003904344511741,False,False,2,0,3,0,8.25,0.0,True,False,4,0,4,0,3.93359375,2.6513993740081787,0.25,5,4.55859375,1.728967547416687,0.5,29,observed_directly:trace_every20,3.75,3.25,0.875,0.5,1.0,1.0,0.1330502716457033,0.625833715554666,0.625833715554666,1.0,0.0,cot_only_saturated_or_other,observed_directly:dsr_trace_first2+generic_trace_enrichment,,,,,,,,,
d40d72043402551a5b0e55070ef1dd7b28299bec9b1a1ff15bc23b36c0077f87,think,living,2,2,158,80,1-2,2,150-200,1,,,,,,,,,,,,,,,,,3.93359375,2.6513993740081787,0.25,5,4.55859375,1.728967547416687,0.5,29,unavailable:only_rollout_aggregate,,,,,,,,,,,,,unavailable,,,,,,,,,
6d525c80cb7c8be63ccd444966c1c86688bed9dc6dd10c1b5d5847dd64e29bab,think,prod,3,3,158,80,3-4,3+,150-200,2,,,,,,,,,,,,,,,,,3.93359375,2.6513993740081787,0.25,5,4.55859375,1.728967547416687,0.5,29,unavailable:only_rollout_aggregate,,,,,,,,,,,,,unavailable,,,,,,,,,
11364711f75e1a131a594bb279de9aa80b485176848a268184a0e2ed57d0f64f,think,video,20,13,158,80,5+,3+,150-200,3,,,,,,,,,,,,,,,,,3.93359375,2.6513993740081787,0.25,5,4.55859375,1.728967547416687,0.5,29,unavailable:only_rollout_aggregate,,,,,,,,,,,,,unavailable,,,,,,,,,
dbdc2b1e83f6950024974ccd14550fe2b9112dc429a99114137ec4a0778c2d26,no_think,video,15,12,160,81,5+,3+,150-200,0,,,,,,,,,,,,,,,,,0.03125,0.08267972618341446,0.5,,0.0,0.0,1.0,,unavailable:only_rollout_aggregate,,,,,,,,,,,,,,0.375,,,,True,0.2,0.375,"[0.125,0.375,0.125,0.125,0.375,0.125,0.125,0.375]",0.07500000000000001
babc50ffd95f54c42ca738d732cb552dadb287d66aac1bc679514ba7eff8b42a,no_think,video,11,9,160,81,5+,3+,150-200,1,,,,,,,,,,,,,,,,,0.03125,0.08267972618341446,0.5,,0.0,0.0,1.0,,unavailable:only_rollout_aggregate,,,,,,,,,,,,,,0.25,,,,True,0.2,0.25,"[0.25,0.25,0.25,0.125,0.125,0.25,0.125,0.125]",0.05
9d1e3633d5057ea877251ea0741babd775eff4d82ce8697a8a1ce1362e1b871b,no_think,ad,2,2,162,82,1-2,2,150-200,0,,,,,,,,,,,,,,,,,0.0,0.22288595139980316,0.0,,-0.078125,0.12401959300041199,0.5,,unavailable:only_rollout_aggregate,,,,,,,,,,,,,,0.25,,,,False,0.1,0.25,"[0.125,0.125,0.25,0.25,0.25,0.125,0.25,0.125]",0.0
c017412042a6c52384996c53924bdc9318844a7b572b34cb1f13e6f7529ed6f4,no_think,video,13,8,162,82,5+,3+,150-200,1,,,,,,,,,,,,,,,,,0.0,0.22288595139980316,0.0,,-0.078125,0.12401959300041199,0.5,,unavailable:only_rollout_aggregate,,,,,,,,,,,,,,0.375,,,,False,0.2,0.375,"[0.375,0.125,0.125,0.375,0.125,0.375,0.25,0.25]",0.0
1e69a31d62cece5fd7a4f6155c0dc1f441d5f7b7609287c44f893e8a2c0fa63d,no_think,prod,3,2,164,83,3-4,2,150-200,0,,,,,,,,,,,,,,,,,0.0,0.0,1.0,,0.0,0.0,1.0,,unavailable:only_rollout_aggregate,,,,,,,,,,,,,,0.25,,,,True,0.1,0.25,"[0.125,0.125,0.25,0.25,0.125,0.25,0.25,0.125]",0.025
d40d72043402551a5b0e55070ef1dd7b28299bec9b1a1ff15bc23b36c0077f87,no_think,living,2,2,164,83,1-2,2,150-200,1,,,,,,,,,,,,,,,,,0.0,0.0,1.0,,0.0,0.0,1.0,,unavailable:only_rollout_aggregate,,,,,,,,,,,,,,0.375,,,,True,0.1,0.375,"[0.125,0.125,0.125,0.375,0.125,0.375,0.125,0.375]",0.037500000000000006
6d525c80cb7c8be63ccd444966c1c86688bed9dc6dd10c1b5d5847dd64e29bab,no_think,prod,3,3,166,84,3-4,3+,150-200,0,,,,,,,,,,,,,,,,,0.703125,1.6453262567520142,0.0,,0.65625,1.4439849853515625,0.0,,unavailable:only_rollout_aggregate,,,,,,,,,,,,,,0.125,,,,False,0.2,0.125,"[0.125,0.125,0.125,0.125,0.125,0.125,0.125,0.125]",0.0
11364711f75e1a131a594bb279de9aa80b485176848a268184a0e2ed57d0f64f,no_think,video,20,13,166,84,5+,3+,150-200,1,,,,,,,,,,,,,,,,,0.703125,1.6453262567520142,0.0,,0.65625,1.4439849853515625,0.0,,unavailable:only_rollout_aggregate,,,,,,,,,,,,,,0.375,,,,False,0.2,0.375,"[0.125,0.25,0.375,0.375,0.125,0.125,0.375,0.25]",0.0
a88e7f254ed1a874ee3e5c2da321835a799e2ea2292ba5e0c17d38dd83b2bfe9,think,prod,2,2,168,85,1-2,2,150-200,0,,,,,,,,,,,,,,,,,3.24609375,0.7871389389038086,0.25,0,3.46435546875,0.8210893273353577,0.25,0,unavailable:only_rollout_aggregate,3.5,1.5,0.5,2.0,0.5,0.5,0.16239353120294717,0.4775204706252791,0.26639097655573923,0.5,-0.5678352415561676,,observed_directly:dsr_trace_first2,,,,,,,,,
9d59ee7e816876bfd6de164fd43b9e3d43f37cc140235dfd981b7ac1379c0bbc,think,living,2,2,168,85,1-2,2,150-200,1,,,,,,,,,,,,,,,,,3.24609375,0.7871389389038086,0.25,0,3.46435546875,0.8210893273353577,0.25,0,unavailable:only_rollout_aggregate,,,,,,,,,,,,,unavailable,,,,,,,,,
8346f83b1e8184f4e3f4455397f79f8e657530407540be80f1ef030fb5f7efdb,think,prod,2,1,168,85,1-2,1,150-200,2,,,,,,,,,,,,,,,,,3.24609375,0.7871389389038086,0.25,0,3.46435546875,0.8210893273353577,0.25,0,unavailable:only_rollout_aggregate,,,,,,,,,,,,,unavailable,,,,,,,,,
31c0cd92985b7f2a76db78a439db59f89949f27c0babb5af84a51eeb9d39d241,think,video,19,15,168,85,5+,3+,150-200,3,,,,,,,,,,,,,,,,,3.24609375,0.7871389389038086,0.25,0,3.46435546875,0.8210893273353577,0.25,0,unavailable:only_rollout_aggregate,,,,,,,,,,,,,unavailable,,,,,,,,,
216f2e0d7fd240a05230a9b98fe069bedd68626b547fbc3ba4fb6bbf6be74554,think,prod,2,2,170,86,1-2,2,150-200,0,,,,,,,,,,,,,,,,,0.921875,0.18944305181503296,0.5,0,0.8671875,0.09472152590751648,0.5,0,unavailable:only_rollout_aggregate,2.0,1.5,0.75,0.5,0.5,0.5,0.014584077361972545,0.611825236704824,0.3414717001462483,0.5,0.0,,observed_directly:dsr_trace_first2,,,,,,,,,
c8aafede16125b5f0d90aed2b85d9823d0469d79989628571aa822214714e033,think,ad,2,2,170,86,1-2,2,150-200,1,,,,,,,,,,,,,,,,,0.921875,0.18944305181503296,0.5,0,0.8671875,0.09472152590751648,0.5,0,unavailable:only_rollout_aggregate,,,,,,,,,,,,,unavailable,,,,,,,,,
a73f751be9c4d0fa5f9b9623176a52ef7c5066a6321160272646c0cae31f1905,think,video,11,9,170,86,5+,3+,150-200,2,,,,,,,,,,,,,,,,,0.921875,0.18944305181503296,0.5,0,0.8671875,0.09472152590751648,0.5,0,unavailable:only_rollout_aggregate,,,,,,,,,,,,,unavailable,,,,,,,,,
2c65d4ea518bb211a1912fcf17ad3c59159cad840462958368f3964fd348f45a,think,ad,2,2,170,86,1-2,2,150-200,3,,,,,,,,,,,,,,,,,0.921875,0.18944305181503296,0.5,0,0.8671875,0.09472152590751648,0.5,0,unavailable:only_rollout_aggregate,,,,,,,,,,,,,unavailable,,,,,,,,,
a88e7f254ed1a874ee3e5c2da321835a799e2ea2292ba5e0c17d38dd83b2bfe9,no_think,prod,2,2,172,87,1-2,2,150-200,0,,,,,,,,,,,,,,,,,0.03125,0.08267972618341446,0.5,,0.015625,0.09757809340953827,0.5,,unavailable:only_rollout_aggregate,,,,,,,,,,,,,,0.25,,,,False,0.1,0.25,"[0.25,0.125,0.125,0.125,0.125,0.125,0.125,0.25]",0.0
9d59ee7e816876bfd6de164fd43b9e3d43f37cc140235dfd981b7ac1379c0bbc,no_think,living,2,2,172,87,1-2,2,150-200,1,,,,,,,,,,,,,,,,,0.03125,0.08267972618341446,0.5,,0.015625,0.09757809340953827,0.5,,unavailable:only_rollout_aggregate,,,,,,,,,,,,,,0.375,,,,True,0.1,0.375,"[0.375,0.125,0.125,0.125,0.375,0.125,0.375,0.125]",0.037500000000000006
8346f83b1e8184f4e3f4455397f79f8e657530407540be80f1ef030fb5f7efdb,no_think,prod,2,1,174,88,1-2,1,150-200,0,,,,,,,,,,,,,,,,,0.8125,1.4197500944137573,0.0,,1.921875,1.8169596195220947,0.0,,unavailable:only_rollout_aggregate,,,,,,,,,,,,,,0.75,,,,False,0.1,0.75,"[0.75,0.75,0.75,0.75,0.125,0.75,0.125,0.75]",0.0
31c0cd92985b7f2a76db78a439db59f89949f27c0babb5af84a51eeb9d39d241,no_think,video,19,15,174,88,5+,3+,150-200,1,,,,,,,,,,,,,,,,,0.8125,1.4197500944137573,0.0,,1.921875,1.8169596195220947,0.0,,unavailable:only_rollout_aggregate,,,,,,,,,,,,,,0.25,,,,False,0.2,0.25,"[0.25,0.125,0.125,0.125,0.125,0.125,0.125,0.25]",0.0
216f2e0d7fd240a05230a9b98fe069bedd68626b547fbc3ba4fb6bbf6be74554,no_think,prod,2,2,176,89,1-2,2,150-200,0,,,,,,,,,,,,,,,,,0.0,0.0,1.0,,0.0,0.0,1.0,,unavailable:only_rollout_aggregate,,,,,,,,,,,,,,0.25,,,,True,0.1,0.25,"[0.125,0.25,0.125,0.125,0.25,0.25,0.25,0.125]",0.025
c8aafede16125b5f0d90aed2b85d9823d0469d79989628571aa822214714e033,no_think,ad,2,2,176,89,1-2,2,150-200,1,,,,,,,,,,,,,,,,,0.0,0.0,1.0,,0.0,0.0,1.0,,unavailable:only_rollout_aggregate,,,,,,,,,,,,,,0.5,,,,True,0.1,0.5,"[0.5,0.5,0.25,0.25,0.5,0.5,0.125,0.125]",0.05
a73f751be9c4d0fa5f9b9623176a52ef7c5066a6321160272646c0cae31f1905,no_think,video,11,9,178,90,5+,3+,150-200,0,,,,,,,,,,,,,,,,,0.140625,0.16237059235572815,0.0,,0.15625,0.12103073298931122,0.5,,unavailable:only_rollout_aggregate,,,,,,,,,,,,,,0.25,,,,False,0.2,0.25,"[0.25,0.125,0.25,0.125,0.125,0.125,0.125,0.125]",0.0
2c65d4ea518bb211a1912fcf17ad3c59159cad840462958368f3964fd348f45a,no_think,ad,2,2,178,90,1-2,2,150-200,1,,,,,,,,,,,,,,,,,0.140625,0.16237059235572815,0.0,,0.15625,0.12103073298931122,0.5,,unavailable:only_rollout_aggregate,,,,,,,,,,,,,,0.25,,,,True,0.1,0.25,"[0.125,0.125,0.125,0.25,0.125,0.25,0.125,0.125]",0.025
bba5b030faadcf76800e36c9700cbec005e87580580150452877df4458e57ba1,think,video,16,15,180,91,5+,3+,150-200,0,,,,,,,,,,,,,,,,,1.01171875,0.12358790636062622,0.25,0,1.3359375,1.110094428062439,0.0,0,unavailable:only_rollout_aggregate,3.5,3.5,1.0,0.0,1.0,1.0,0.015138716395582036,0.5231193104814785,0.5231193104814785,1.0,0.5772169828414917,,observed_directly:dsr_trace_first2,,,,,,,,,
06551b1a41909c7a5024bff8c91c1fee48439a436243547b2e69d0b5b91ab29c,think,prod,2,1,180,91,1-2,1,150-200,1,,,,,,,,,,,,,,,,,1.01171875,0.12358790636062622,0.25,0,1.3359375,1.110094428062439,0.0,0,unavailable:only_rollout_aggregate,,,,,,,,,,,,,unavailable,,,,,,,,,
e5c10d32bb476707138fd008dde354ee5f0e6d35c3fb3b02bc295defd00e2296,think,video,13,12,180,91,5+,3+,150-200,2,,,,,,,,,,,,,,,,,1.01171875,0.12358790636062622,0.25,0,1.3359375,1.110094428062439,0.0,0,unavailable:only_rollout_aggregate,,,,,,,,,,,,,unavailable,,,,,,,,,
b87cdc0f8e1d7668ee5e674a725af6b6614d5892cfafbc02dde600ec63c7ab76,think,video,20,13,180,91,5+,3+,150-200,3,,,,,,,,,,,,,,,,,1.01171875,0.12358790636062622,0.25,0,1.3359375,1.110094428062439,0.0,0,unavailable:only_rollout_aggregate,,,,,,,,,,,,,unavailable,,,,,,,,,
327d6f60fc454d552f6c7d399d02c1baa2c07b72958ee9f8dc4870bd89b1a092,think,living,2,2,182,92,1-2,2,150-200,0,,,,,,,,,,,,,,,,,4.90625,2.0729432106018066,0.25,0,4.3984375,1.856353759765625,0.25,0,unavailable:only_rollout_aggregate,3.0,3.0,1.0,0.0,1.0,1.0,0.15150399652505137,0.3260116144458396,0.3260116144458396,1.0,0.5772169828414917,,observed_directly:dsr_trace_first2,,,,,,,,,
d24a52c829b5e75afffb8608a25031997b38272b51c9d3f547c949422ee0b90d,think,ad,5,5,182,92,5+,3+,150-200,1,,,,,,,,,,,,,,,,,4.90625,2.0729432106018066,0.25,0,4.3984375,1.856353759765625,0.25,0,unavailable:only_rollout_aggregate,,,,,,,,,,,,,unavailable,,,,,,,,,
ea0f739a505528c1504a72a5d97bc5544cacdf1dbbb98c38c6bb166b2d55ee9c,think,ad,5,3,182,92,5+,3+,150-200,2,,,,,,,,,,,,,,,,,4.90625,2.0729432106018066,0.25,0,4.3984375,1.856353759765625,0.25,0,unavailable:only_rollout_aggregate,,,,,,,,,,,,,unavailable,,,,,,,,,
760e9cc6bcf405bf8a3625aefa027f66cd580f0eb5f81712b8a64096620e94be,think,video,20,13,182,92,5+,3+,150-200,3,,,,,,,,,,,,,,,,,4.90625,2.0729432106018066,0.25,0,4.3984375,1.856353759765625,0.25,0,unavailable:only_rollout_aggregate,,,,,,,,,,,,,unavailable,,,,,,,,,
bba5b030faadcf76800e36c9700cbec005e87580580150452877df4458e57ba1,no_think,video,16,15,184,93,5+,3+,150-200,0,,,,,,,,,,,,,,,,,0.1875,0.24505949020385742,0.0,,0.09375,0.12103073298931122,0.5,,unavailable:only_rollout_aggregate,,,,,,,,,,,,,,0.25,,,,False,0.2,0.25,"[0.125,0.125,0.125,0.25,0.125,0.125,0.25,0.125]",0.0
06551b1a41909c7a5024bff8c91c1fee48439a436243547b2e69d0b5b91ab29c,no_think,prod,2,1,184,93,1-2,1,150-200,1,,,,,,,,,,,,,,,,,0.1875,0.24505949020385742,0.0,,0.09375,0.12103073298931122,0.5,,unavailable:only_rollout_aggregate,,,,,,,,,,,,,,0.125,,,,True,0.1,0.125,"[0.125,0.125,0.125,0.125,0.125,0.125,0.125,0.125]",0.0125
e5c10d32bb476707138fd008dde354ee5f0e6d35c3fb3b02bc295defd00e2296,no_think,video,13,12,186,94,5+,3+,150-200,0,,,,,,,,,,,,,,,,,0.21875,0.08267972618341446,0.5,,0.4375,0.4348493218421936,0.0,,unavailable:only_rollout_aggregate,,,,,,,,,,,,,,0.125,,,,False,0.2,0.125,"[0.125,0.125,0.125,0.125,0.125,0.125,0.125,0.125]",0.0
b87cdc0f8e1d7668ee5e674a725af6b6614d5892cfafbc02dde600ec63c7ab76,no_think,video,20,13,186,94,5+,3+,150-200,1,,,,,,,,,,,,,,,,,0.21875,0.08267972618341446,0.5,,0.4375,0.4348493218421936,0.0,,unavailable:only_rollout_aggregate,,,,,,,,,,,,,,0.5,,,,False,0.2,0.5,"[0.25,0.125,0.5,0.25,0.5,0.5,0.125,0.5]",0.0
327d6f60fc454d552f6c7d399d02c1baa2c07b72958ee9f8dc4870bd89b1a092,no_think,living,2,2,188,95,1-2,2,150-200,0,,,,,,,,,,,,,,,,,0.09375,0.2444687783718109,0.0,,0.5625,1.4136630296707153,0.0,,unavailable:only_rollout_aggregate,,,,,,,,,,,,,,0.125,,,,False,0.1,0.125,"[0.125,0.125,0.125,0.125,0.125,0.125,0.125,0.125]",0.0
d24a52c829b5e75afffb8608a25031997b38272b51c9d3f547c949422ee0b90d,no_think,ad,5,5,188,95,5+,3+,150-200,1,,,,,,,,,,,,,,,,,0.09375,0.2444687783718109,0.0,,0.5625,1.4136630296707153,0.0,,unavailable:only_rollout_aggregate,,,,,,,,,,,,,,0.5,,,,False,0.2,0.5,"[0.25,0.125,0.5,0.5,0.5,0.125,0.25,0.5]",0.0
ea0f739a505528c1504a72a5d97bc5544cacdf1dbbb98c38c6bb166b2d55ee9c,no_think,ad,5,3,190,96,5+,3+,150-200,0,,,,,,,,,,,,,,,,,0.1875,0.24206146597862244,0.0,,0.25,0.4533684551715851,0.0,,unavailable:only_rollout_aggregate,,,,,,,,,,,,,,0.375,,,,False,0.2,0.375,"[0.375,0.375,0.125,0.125,0.125,0.125,0.375,0.125]",0.0
760e9cc6bcf405bf8a3625aefa027f66cd580f0eb5f81712b8a64096620e94be,no_think,video,20,13,190,96,5+,3+,150-200,1,,,,,,,,,,,,,,,,,0.1875,0.24206146597862244,0.0,,0.25,0.4533684551715851,0.0,,unavailable:only_rollout_aggregate,,,,,,,,,,,,,,0.375,,,,False,0.2,0.375,"[0.375,0.125,0.125,0.125,0.375,0.125,0.125,0.375]",0.0
15617a4b50054f1364eb61474c0dd0ecae0518132a4283e8abac0de9b2a75587,think,prod,2,2,192,97,1-2,2,150-200,0,,,,,,,,,,,,,,,,,1.0,1.0,0.75,0,0.5625,0.9285253882408142,0.5,0,unavailable:only_rollout_aggregate,3.5,3.0,0.875,0.5,1.0,1.0,0.0,0.2388562788317567,0.2388562788317567,0.6955425115327027,0.505012035369873,,observed_directly:dsr_trace_first2,,,,,,,,,
46cffa95d4666375cef8cf1e1cc9f23fd14cdacb44ddcaec414fc716d1f67ff2,think,living,2,1,192,97,1-2,1,150-200,1,,,,,,,,,,,,,,,,,1.0,1.0,0.75,0,0.5625,0.9285253882408142,0.5,0,unavailable:only_rollout_aggregate,,,,,,,,,,,,,unavailable,,,,,,,,,
4c1e5e1af4579acea16bccde01348c97c8c5d0a39f0b396b22c1cbb1c9663386,think,prod,3,1,192,97,3-4,1,150-200,2,,,,,,,,,,,,,,,,,1.0,1.0,0.75,0,0.5625,0.9285253882408142,0.5,0,unavailable:only_rollout_aggregate,,,,,,,,,,,,,unavailable,,,,,,,,,
6a3aa2c8c35a2221423c4e7cd1ee06f53237251b80e538151165a7f3a8de9f35,think,prod,2,1,192,97,1-2,1,150-200,3,,,,,,,,,,,,,,,,,1.0,1.0,0.75,0,0.5625,0.9285253882408142,0.5,0,unavailable:only_rollout_aggregate,,,,,,,,,,,,,unavailable,,,,,,,,,
b190ca45928880ffbaf5abbe3dda7b1ab3465fa7bc3177b1a5cb93c71d491e9f,think,ad,2,2,194,98,1-2,2,150-200,0,,,,,,,,,,,,,,,,,2.75,0.0625,0.75,0,2.296875,0.893088698387146,0.25,0,unavailable:only_rollout_aggregate,3.5,3.5,1.0,0.0,1.0,1.0,0.14241772173026732,0.7000975241830543,0.7000975241830543,1.0,0.0,,observed_directly:dsr_trace_first2,,,,,,,,,
fec61e1bdf75915d7f8aa2c188114fbab95e103164c14437238d6ae5810c0e5c,think,ad,2,2,194,98,1-2,2,150-200,1,,,,,,,,,,,,,,,,,2.75,0.0625,0.75,0,2.296875,0.893088698387146,0.25,0,unavailable:only_rollout_aggregate,,,,,,,,,,,,,unavailable,,,,,,,,,
fa3e0a9da81f1fe9f2b754f64a6bbc67cfdf34ed2e85697a61a4a470ae201532,think,ad,2,1,194,98,1-2,1,150-200,2,,,,,,,,,,,,,,,,,2.75,0.0625,0.75,0,2.296875,0.893088698387146,0.25,0,unavailable:only_rollout_aggregate,,,,,,,,,,,,,unavailable,,,,,,,,,
89bffa3d15cb79ddde499c84c445f9d53e6c54d94267b88d41a571c5b9b829d0,think,prod,2,2,194,98,1-2,2,150-200,3,,,,,,,,,,,,,,,,,2.75,0.0625,0.75,0,2.296875,0.893088698387146,0.25,0,unavailable:only_rollout_aggregate,,,,,,,,,,,,,unavailable,,,,,,,,,
15617a4b50054f1364eb61474c0dd0ecae0518132a4283e8abac0de9b2a75587,no_think,prod,2,2,196,99,1-2,2,150-200,0,,,,,,,,,,,,,,,,,-0.03125,0.22159768640995026,0.0,,0.03125,0.08267972618341446,0.5,,unavailable:only_rollout_aggregate,,,,,,,,,,,,,,0.375,,,,True,0.1,0.375,"[0.125,0.125,0.125,0.375,0.125,0.125,0.375,0.375]",0.037500000000000006
46cffa95d4666375cef8cf1e1cc9f23fd14cdacb44ddcaec414fc716d1f67ff2,no_think,living,2,1,196,99,1-2,1,150-200,1,,,,,,,,,,,,,,,,,-0.03125,0.22159768640995026,0.0,,0.03125,0.08267972618341446,0.5,,unavailable:only_rollout_aggregate,,,,,,,,,,,,,,0.625,,,,False,0.1,0.625,"[0.25,0.625,0.25,0.125,0.625,0.625,0.625,0.625]",0.0
4c1e5e1af4579acea16bccde01348c97c8c5d0a39f0b396b22c1cbb1c9663386,no_think,prod,3,1,198,100,3-4,1,150-200,0,3.0,3.872983346207417,False,False,0,0,0,,0.0,0.0,True,True,0,0,0,,1.484375,1.9778316020965576,0.0,,0.078125,0.13887803256511688,0.5,,observed_directly:trace_every20,,,,,,,,,,,,,,0.375,False,False,False,True,0.1,0.375,"[0.125,0.25,0.375,0.375,0.25,0.125,0.125,0.375]",0.037500000000000006
6a3aa2c8c35a2221423c4e7cd1ee06f53237251b80e538151165a7f3a8de9f35,no_think,prod,2,1,198,100,1-2,1,150-200,1,,,,,,,,,,,,,,,,,1.484375,1.9778316020965576,0.0,,0.078125,0.13887803256511688,0.5,,unavailable:only_rollout_aggregate,,,,,,,,,,,,,,0.375,,,,False,0.1,0.375,"[0.375,0.125,0.375,0.375,0.125,0.125,0.125,0.125]",0.0
