group_id,step,domain,gold_count,unique_gold_A,baseline_A_concentration,dsr_A_concentration,baseline_Gold_A_hit,dsr_Gold_A_hit,rescue_active,classification,stage,gold_count_bin,unique_gold_A_bin,baseline_zero_std,baseline_all_zero,baseline_Gold_AB_hit,baseline_Exact_hit,baseline_reward_mean,dsr_zero_std,dsr_all_zero,dsr_Gold_AB_hit,dsr_Exact_hit,dsr_reward_mean,lambda_A,K_A_concentration,frequency_weights,coefficient,matched_direct_provenance,baseline_rollout_reward_mean,dsr_rollout_reward_mean
0d3b5e5ef4df6c333ca9f556c22b3e9e9f43c4995baed7a833977eedfb537a84,4,living,2,1,,0.25,,,False,,0-50,1-2,1,,,,,,,,,,,0.1,0.25,"[0.125,0.125,0.125,0.25,0.125,0.25,0.25,0.25]",0.0,unavailable:baseline_group_outputs_not_persisted,-0.171875,-0.1875
5312b41c5a6b8ac1fdbe5a0211cbfaf002533367a177c86d9595bbab0ca19090,4,prod,2,1,,0.375,,,False,,0-50,1-2,1,,,,,,,,,,,0.1,0.375,"[0.125,0.125,0.375,0.125,0.125,0.375,0.125,0.375]",0.0,unavailable:baseline_group_outputs_not_persisted,-0.171875,-0.1875
5ea4740a4656ed1e8e8f7981641afed8ced421efcf5672a4502270b8ac043631,6,ad,2,2,,0.25,,,False,,0-50,1-2,2,,,,,,,,,,,0.1,0.25,"[0.125,0.125,0.25,0.25,0.125,0.25,0.125,0.25]",0.0,unavailable:baseline_group_outputs_not_persisted,-0.0625,-0.140625
dea6a49f8f2209c89897a1dfd297db748f89f0011487d3f0039c5e74adfbb201,6,ad,2,2,,0.25,,,False,,0-50,1-2,2,,,,,,,,,,,0.1,0.25,"[0.125,0.25,0.125,0.125,0.25,0.125,0.125,0.125]",0.0,unavailable:baseline_group_outputs_not_persisted,-0.0625,-0.140625
775d2c1d73b635f501a0f4bc9da6024002fecb009894b9d6fbdb1cb3fbd0ba72,8,ad,2,2,,0.25,,,False,,0-50,1-2,2,,,,,,,,,,,0.1,0.25,"[0.125,0.125,0.125,0.125,0.25,0.25,0.125,0.125]",0.0,unavailable:baseline_group_outputs_not_persisted,0.0,0.0
f2a93244b0b82a2194e1cd15375c3293287c9e6553ecd5f38e7f390b0062e7a8,8,video,18,16,,0.125,,,False,,0-50,5+,3+,,,,,,,,,,,0.2,0.125,"[0.125,0.125,0.125,0.125,0.125,0.125,0.125,0.125]",0.0,unavailable:baseline_group_outputs_not_persisted,0.0,0.0
483d40bd8e6a7be759779bba6c1a58dca78f41a0a8d8cb365e1dd0eff5566142,10,ad,2,2,,0.125,,,False,,0-50,1-2,2,,,,,,,,,,,0.1,0.125,"[0.125,0.125,0.125,0.125,0.125,0.125,0.125,0.125]",0.0,unavailable:baseline_group_outputs_not_persisted,-0.0625,-0.03125
9886d50833d0057054a165cad6e78eaaa0438b716e4a53f2a1b84ee40a63e284,10,living,2,2,,0.375,,,False,,0-50,1-2,2,,,,,,,,,,,0.1,0.375,"[0.125,0.125,0.375,0.125,0.125,0.375,0.375,0.125]",0.0,unavailable:baseline_group_outputs_not_persisted,-0.0625,-0.03125
f1bd212b32ec1e0144a7f62712c6f16c08df99284c0dee310314e0d548bd432c,16,prod,3,2,,0.5,,,False,,0-50,3-4,2,,,,,,,,,,,0.1,0.5,"[0.5,0.5,0.125,0.5,0.5,0.125,0.125,0.125]",0.0,unavailable:baseline_group_outputs_not_persisted,1.359375,-0.125
b8eb62be9fc57a8c9a163c248120894d01491270f47ada7c41e25af7f9374d7c,16,video,15,11,,0.25,,,False,,0-50,5+,3+,,,,,,,,,,,0.2,0.25,"[0.25,0.125,0.125,0.125,0.125,0.25,0.125,0.125]",0.0,unavailable:baseline_group_outputs_not_persisted,1.359375,-0.125
2f8b9238c59badc96cd439911c7c42afd62e8cefa539853df2d36a549228d2b3,18,living,2,2,,0.125,,,False,,0-50,1-2,2,,,,,,,,,,,0.1,0.125,"[0.125,0.125,0.125,0.125,0.125,0.125,0.125,0.125]",0.0,unavailable:baseline_group_outputs_not_persisted,-0.140625,-0.09375
2dc02a7c59eb8279b7caa10022e6a9ee7c30c8d851b632515315806e1655bd75,18,prod,2,1,,0.375,,,False,,0-50,1-2,1,,,,,,,,,,,0.1,0.375,"[0.125,0.375,0.375,0.125,0.125,0.125,0.375,0.125]",0.0,unavailable:baseline_group_outputs_not_persisted,-0.140625,-0.09375
7b91df630c0a3b6d7232ae4564551cf7bc9db819af9738de06dcde9656fd2e2f,20,ad,2,2,,0.25,,,False,,0-50,1-2,2,,,,,,,,,,,0.1,0.25,"[0.25,0.125,0.125,0.25,0.25,0.125,0.125,0.25]",0.0,unavailable:baseline_group_outputs_not_persisted,0.015625,0.0
d93a68d31aa1ea6d12bc82e135e44340e9a1aaefd4cee134444746ecc9aee9ad,20,prod,2,1,,0.25,,,False,,0-50,1-2,1,,,,,,,,,,,0.1,0.25,"[0.125,0.125,0.125,0.25,0.25,0.125,0.125,0.125]",0.0,unavailable:baseline_group_outputs_not_persisted,0.015625,0.0
3baf4e2bd66a078acfd02069635a7b0d09b8563a43d6f45285a80a90fd89f65d,22,prod,2,2,,0.25,,,False,,0-50,1-2,2,,,,,,,,,,,0.1,0.25,"[0.125,0.125,0.25,0.25,0.125,0.125,0.25,0.25]",0.0,unavailable:baseline_group_outputs_not_persisted,-0.03125,-0.015625
91222818a1da2fe8a47421933d22debe4b2f1f314245e2250401666386d5c8f2,22,video,20,16,,0.375,,,True,,0-50,5+,3+,,,,,,,True,,,,0.2,0.375,"[0.125,0.125,0.375,0.125,0.125,0.125,0.375,0.375]",0.07500000000000001,unavailable:baseline_group_outputs_not_persisted,-0.03125,-0.015625
f21147ce011ded372ed23ff948c8c9febbcf04908ad9980bf7326a7a79b4d75a,28,ad,2,2,,0.375,,,False,,0-50,1-2,2,,,,,,,,,,,0.1,0.375,"[0.375,0.125,0.375,0.25,0.375,0.25,0.25,0.25]",0.0,unavailable:baseline_group_outputs_not_persisted,0.046875,0.0625
df56d595895f9d5702ca94a412652e644a2bb90b0068a8231c515b134347ea92,28,video,20,19,,0.25,,,False,,0-50,5+,3+,,,,,,,,,,,0.2,0.25,"[0.125,0.125,0.25,0.25,0.125,0.125,0.125,0.125]",0.0,unavailable:baseline_group_outputs_not_persisted,0.046875,0.0625
436ed21d23aa661c1944735d274c6a54512342a0b7167d270d3fba814174646a,30,video,20,15,,0.25,,,False,,0-50,5+,3+,,,,,,,,,,,0.2,0.25,"[0.125,0.125,0.125,0.25,0.25,0.125,0.125,0.125]",0.0,unavailable:baseline_group_outputs_not_persisted,0.0625,0.140625
8c038e56a8d3589fb089fc68fe8ce98c479413dc9adbfa347b8f65bd4ce0f042,30,living,2,2,,0.25,,,False,,0-50,1-2,2,,,,,,,,,,,0.1,0.25,"[0.25,0.125,0.25,0.125,0.125,0.25,0.25,0.125]",0.0,unavailable:baseline_group_outputs_not_persisted,0.0625,0.140625
768f6c067ee824c6e2daa1bf3effcd87467620dd605dd26904dba5d201bb29ff,32,video,16,11,,0.375,,,False,,0-50,5+,3+,,,,,,,,,,,0.2,0.375,"[0.125,0.125,0.125,0.125,0.375,0.125,0.375,0.375]",0.0,unavailable:baseline_group_outputs_not_persisted,0.109375,0.53125
1f241d4a7631596056603f82d36bd1eb40232de9633cb36529f575a70b06c67d,32,ad,2,2,,0.25,,,False,,0-50,1-2,2,,,,,,,,,,,0.1,0.25,"[0.125,0.125,0.125,0.125,0.25,0.125,0.125,0.25]",0.0,unavailable:baseline_group_outputs_not_persisted,0.109375,0.53125
c1f50ad9c92dd5172e5ef8df6a294700caae29058fc66ff438dcddb87b14d178,34,living,2,2,,0.25,,,False,,0-50,1-2,2,,,,,,,,,,,0.1,0.25,"[0.25,0.125,0.125,0.125,0.25,0.125,0.125,0.125]",0.0,unavailable:baseline_group_outputs_not_persisted,-0.125,0.078125
32f1216d748636d8d03dfb2f7a1bdbba4b2c7175e9a61255cb60f4447d0719e9,34,living,2,2,,0.125,,,False,,0-50,1-2,2,,,,,,,,,,,0.1,0.125,"[0.125,0.125,0.125,0.125,0.125,0.125,0.125,0.125]",0.0,unavailable:baseline_group_outputs_not_persisted,-0.125,0.078125
d05fa0bdabcdbfdf757af0e76860078cfe741d3f8aaf30d12263d4238eaec977,40,living,2,1,,0.125,,,False,,0-50,1-2,1,,,,,,,,,,,0.1,0.125,"[0.125,0.125,0.125,0.125,0.125,0.125,0.125,0.125]",0.0,unavailable:baseline_group_outputs_not_persisted,-0.0625,0.09375
9596e234be106d47cc72469c7d6f369c3eb61bb3d70b077b03a75145722af102,40,prod,2,2,,0.5,,,False,,0-50,1-2,2,,,,,,,,,,,0.1,0.5,"[0.5,0.125,0.5,0.25,0.5,0.125,0.25,0.5]",0.0,unavailable:baseline_group_outputs_not_persisted,-0.0625,0.09375
9c74573db99c6e434ffde6208164113e4f3f7b126d86e2f1ce3c10405744c5ff,42,living,2,2,,0.25,,,False,,0-50,1-2,2,,,,,,,,,,,0.1,0.25,"[0.125,0.25,0.125,0.25,0.25,0.125,0.125,0.25]",0.0,unavailable:baseline_group_outputs_not_persisted,0.0,-0.0625
d877f76968ff1321282fb8d165ba6c8faade6b0413ad1b8a2404d77060502f96,42,ad,2,2,,0.25,,,False,,0-50,1-2,2,,,,,,,,,,,0.1,0.25,"[0.125,0.125,0.125,0.25,0.125,0.125,0.125,0.25]",0.0,unavailable:baseline_group_outputs_not_persisted,0.0,-0.0625
8002d0daf096df8e5d36f940e1df8a0c7966ee594ea20a785077fb59d21ebaa4,44,video,20,20,,0.25,,,False,,0-50,5+,3+,,,,,,,,,,,0.2,0.25,"[0.125,0.25,0.25,0.125,0.125,0.25,0.25,0.125]",0.0,unavailable:baseline_group_outputs_not_persisted,0.40625,0.0
250a3d362a435a78563c1803b3a970a78ef53e385d06da4399ae39f16462db87,44,prod,2,2,,0.25,,,False,,0-50,1-2,2,,,,,,,,,,,0.1,0.25,"[0.125,0.125,0.125,0.125,0.125,0.25,0.25,0.125]",0.0,unavailable:baseline_group_outputs_not_persisted,0.40625,0.0
5ec2693b07a4d5599519e12866edb4fff0b11acfda833b2d773eeeef0c77e0ee,46,prod,2,2,,0.125,,,False,,0-50,1-2,2,,,,,,,,,,,0.1,0.125,"[0.125,0.125,0.125,0.125,0.125,0.125,0.125,0.125]",0.0,unavailable:baseline_group_outputs_not_persisted,0.03125,-0.015625
34e816613902361478cba0e069db7867edd3af328e296e98fcba13e3927467a6,46,prod,2,1,,0.375,,,True,,0-50,1-2,1,,,,,,,True,,,,0.1,0.375,"[0.375,0.375,0.25,0.375,0.375,0.375,0.25,0.375]",0.037500000000000006,unavailable:baseline_group_outputs_not_persisted,0.03125,-0.015625
11a57e312d2c7f3e03d01b95a625c8337800d26324e465d38d7ed90edd1e6d6a,52,ad,2,2,,0.25,,,False,,50-100,1-2,2,,,,,,,,,,,0.1,0.25,"[0.125,0.25,0.125,0.125,0.25,0.25,0.125,0.25]",0.0,unavailable:baseline_group_outputs_not_persisted,-0.078125,0.0
692ee70e3d40a0ad80f7de5c3f8d952d124436bbb2670650253c5c2c7ec06ba6,52,video,20,17,,0.25,,,False,,50-100,5+,3+,,,,,,,,,,,0.2,0.25,"[0.25,0.125,0.125,0.125,0.125,0.125,0.25,0.125]",0.0,unavailable:baseline_group_outputs_not_persisted,-0.078125,0.0
c99520fb0adeb26bb7ce03058378bcd8ae48e7a91a0ad1cab5cda5c2d6ca2892,54,video,14,13,,0.25,,,False,,50-100,5+,3+,,,,,,,,,,,0.2,0.25,"[0.125,0.125,0.125,0.25,0.25,0.125,0.25,0.25]",0.0,unavailable:baseline_group_outputs_not_persisted,-0.078125,0.140625
a55246db8669642cf82a1120a55a6c75322cae3d270ff741e38e008daa00e66f,54,ad,2,2,,0.125,,,False,,50-100,1-2,2,,,,,,,,,,,0.1,0.125,"[0.125,0.125,0.125,0.125,0.125,0.125,0.125,0.125]",0.0,unavailable:baseline_group_outputs_not_persisted,-0.078125,0.140625
df50c73a722cb3468599aec7a089f55d6ceed818434b1e75b53d048825bbfc2d,56,prod,2,2,,0.25,,,False,,50-100,1-2,2,,,,,,,,,,,0.1,0.25,"[0.125,0.25,0.25,0.125,0.25,0.25,0.125,0.125]",0.0,unavailable:baseline_group_outputs_not_persisted,0.0,-0.078125
aa3eae300742dbbbff0e43690309f5dd9083bdfbfbcd21a7e19879a4d1789002,56,video,12,12,,0.25,,,False,,50-100,5+,3+,,,,,,,,,,,0.2,0.25,"[0.125,0.25,0.125,0.125,0.125,0.25,0.125,0.125]",0.0,unavailable:baseline_group_outputs_not_persisted,0.0,-0.078125
f5549a85bdea0ba7467c2eb6e3a385ba121bced86724006d04f03f02b8f055d9,58,ad,2,2,,0.125,,,False,,50-100,1-2,2,,,,,,,,,,,0.1,0.125,"[0.125,0.125,0.125,0.125,0.125,0.125,0.125,0.125]",0.0,unavailable:baseline_group_outputs_not_persisted,-0.078125,0.125
c4ea09d4400aea93378a91d8674ef0f4061c9ac68593a6f65230aa829ded8fa8,58,ad,2,2,,0.5,,,False,,50-100,1-2,2,,,,,,,,,,,0.1,0.5,"[0.5,0.5,0.5,0.125,0.125,0.125,0.125,0.5]",0.0,unavailable:baseline_group_outputs_not_persisted,-0.078125,0.125
180d72cb9abef356ef18c23b0a117cc5e81213bbb2c43d6112fd2e6525d9d9b4,64,video,11,8,,0.25,,,False,,50-100,5+,3+,,,,,,,,,,,0.2,0.25,"[0.125,0.125,0.125,0.125,0.125,0.25,0.25,0.125]",0.0,unavailable:baseline_group_outputs_not_persisted,0.765625,0.25
66561dcf95599497fea325b3378e368d0555780b44dafe9118631a7883033ad4,64,video,20,17,,0.25,,,False,,50-100,5+,3+,,,,,,,,,,,0.2,0.25,"[0.125,0.125,0.25,0.125,0.125,0.125,0.25,0.125]",0.0,unavailable:baseline_group_outputs_not_persisted,0.765625,0.25
1f2d2de1c323f1863e8693af194090d64e964fb093192e949f5c3302b53ae11c,66,video,14,13,,0.125,,,False,,50-100,5+,3+,,,,,,,,,,,0.2,0.125,"[0.125,0.125,0.125,0.125,0.125,0.125,0.125,0.125]",0.0,unavailable:baseline_group_outputs_not_persisted,0.15625,0.28125
ec56a1e8978080a6827d8d69ba6fbdc2636b69d38e3a3bdd206afd37b559fa58,66,video,14,14,,0.375,,,False,,50-100,5+,3+,,,,,,,,,,,0.2,0.375,"[0.375,0.125,0.125,0.125,0.125,0.375,0.375,0.125]",0.0,unavailable:baseline_group_outputs_not_persisted,0.15625,0.28125
fb138440382f311d56bb73075de66e7af9e278fd1d14a7f74d8e3164e471251a,68,living,3,1,,0.375,,,False,,50-100,3-4,1,,,,,,,,,,,0.1,0.375,"[0.125,0.25,0.125,0.25,0.375,0.375,0.125,0.375]",0.0,unavailable:baseline_group_outputs_not_persisted,0.0,1.0625
410a19b84e6f4787289a2e5a4707c73e979950dcebf0e1429c1289520de282f0,68,video,14,11,,0.25,,,False,,50-100,5+,3+,,,,,,,,,,,0.2,0.25,"[0.125,0.125,0.125,0.125,0.25,0.25,0.125,0.125]",0.0,unavailable:baseline_group_outputs_not_persisted,0.0,1.0625
b26427cac5596811541b97f1edbcf69f9a5417556ebcbafad7486cd8c55a8e5e,70,video,12,10,,0.25,,,False,,50-100,5+,3+,,,,,,,,,,,0.2,0.25,"[0.25,0.125,0.125,0.125,0.125,0.125,0.125,0.25]",0.0,unavailable:baseline_group_outputs_not_persisted,0.015625,-0.015625
b5bcc2d9e959fc4448cccbb2e31d1431b1a3959c3448f18265fda3f713cd8344,70,ad,3,3,,0.375,,,False,,50-100,3-4,3+,,,,,,,,,,,0.2,0.375,"[0.125,0.125,0.375,0.125,0.125,0.375,0.375,0.125]",0.0,unavailable:baseline_group_outputs_not_persisted,0.015625,-0.015625
54e17ccf183d3b93b60a98bb05409ca1034c82137aa40d1e0f88e42abd197834,76,ad,2,2,,0.375,,,False,,50-100,1-2,2,,,,,,,,,,,0.1,0.375,"[0.125,0.375,0.375,0.125,0.125,0.125,0.375,0.125]",0.0,unavailable:baseline_group_outputs_not_persisted,0.796875,0.640625
971a74d7b029c7239e78a3616dce4a3f87148de1a06572dc3d7f746237aa899e,76,ad,2,2,,0.375,,,False,,50-100,1-2,2,,,,,,,,,,,0.1,0.375,"[0.125,0.375,0.375,0.375,0.375,0.375,0.125,0.375]",0.0,unavailable:baseline_group_outputs_not_persisted,0.796875,0.640625
e9ac0fcfff95f5229787ee4666e611a8405cd3f1e4b1079e19ec138122104909,78,ad,4,3,0.375,0.625,True,True,False,,50-100,3-4,3+,False,False,False,False,0.09375,False,False,False,False,0.3125,0.2,0.625,"[0.625,0.125,0.625,0.125,0.625,0.625,0.125,0.625]",0.0,observed_directly:trace_every20,0.0,0.15625
c765a7392fced4fd475192d07312352f6e4537babe9306a653ed8d61b66e34a5,78,video,15,15,,0.125,,,False,,50-100,5+,3+,,,,,,,,,,,0.2,0.125,"[0.125,0.125,0.125,0.125,0.125,0.125,0.125,0.125]",0.0,unavailable:baseline_group_outputs_not_persisted,0.0,0.15625
4449170b272f400eb1fc0bd5f1afd2911ac9bcfcd7d0cc7d49ddc3fb13d413e3,80,prod,2,2,,0.125,,,False,,50-100,1-2,2,,,,,,,,,,,0.1,0.125,"[0.125,0.125,0.125,0.125,0.125,0.125,0.125,0.125]",0.0,unavailable:baseline_group_outputs_not_persisted,0.046875,0.0625
f5953a468618a9d3da7122971e816da8ad9a9be8913c727272c2bde259df7c03,80,prod,2,2,,0.5,,,False,,50-100,1-2,2,,,,,,,,,,,0.1,0.5,"[0.5,0.5,0.5,0.25,0.25,0.25,0.25,0.5]",0.0,unavailable:baseline_group_outputs_not_persisted,0.046875,0.0625
0eddc931ff5609d00efbc1357da1c62d44400ab7df83cfde0c20b8edd9c630c3,82,living,2,2,,0.25,,,False,,50-100,1-2,2,,,,,,,,,,,0.1,0.25,"[0.25,0.25,0.25,0.125,0.125,0.25,0.25,0.25]",0.0,unavailable:baseline_group_outputs_not_persisted,-0.0625,0.046875
049a591648d54ec93e7877a7b20f5314eeec0da2993646419239308d0f41f65c,82,living,2,1,,0.25,,,False,,50-100,1-2,1,,,,,,,,,,,0.1,0.25,"[0.125,0.125,0.25,0.125,0.125,0.125,0.25,0.125]",0.0,unavailable:baseline_group_outputs_not_persisted,-0.0625,0.046875
3e91e08a7bc05fa1612f2d9b8fe2d95b6e035debc995f2cc6447c17c7d15182f,88,video,17,11,,0.25,,,False,,50-100,5+,3+,,,,,,,,,,,0.2,0.25,"[0.125,0.25,0.25,0.25,0.125,0.25,0.125,0.125]",0.0,unavailable:baseline_group_outputs_not_persisted,0.3125,0.234375
809ef03bd9265d7fb5680211aa1c59b55b147bda8aac79d2270f40e021b80804,88,video,20,16,,0.125,,,False,,50-100,5+,3+,,,,,,,,,,,0.2,0.125,"[0.125,0.125,0.125,0.125,0.125,0.125,0.125,0.125]",0.0,unavailable:baseline_group_outputs_not_persisted,0.3125,0.234375
d0847b2c76f55358e794e14ca456a5bd2688c3d286e6c31f2a17d08128d20479,90,ad,2,2,,0.25,,,False,,50-100,1-2,2,,,,,,,,,,,0.1,0.25,"[0.25,0.125,0.125,0.125,0.125,0.125,0.25,0.125]",0.0,unavailable:baseline_group_outputs_not_persisted,0.046875,0.03125
c2a167b7e6891c128e39b05820dd9e93931dfd00f3c9d9dd5d6935e512636d01,90,prod,2,2,,0.5,,,True,,50-100,1-2,2,,,,,,,True,,,,0.1,0.5,"[0.125,0.5,0.125,0.125,0.5,0.5,0.5,0.125]",0.05,unavailable:baseline_group_outputs_not_persisted,0.046875,0.03125
9ec8bb893646f73b028db73987f15664f0d6bca63ea55b606828c8fc025f86b5,92,video,15,15,,0.25,,,False,,50-100,5+,3+,,,,,,,,,,,0.2,0.25,"[0.25,0.125,0.25,0.125,0.125,0.125,0.125,0.125]",0.0,unavailable:baseline_group_outputs_not_persisted,0.09375,0.046875
e666ffaed3823a149debfda15481a51d75015803e9b5e36f84c68307aa23dee5,92,video,12,12,,0.25,,,False,,50-100,5+,3+,,,,,,,,,,,0.2,0.25,"[0.125,0.25,0.25,0.25,0.125,0.25,0.125,0.125]",0.0,unavailable:baseline_group_outputs_not_persisted,0.09375,0.046875
7322361402c096d38ae72919053734e0d3d2b2fa851aaaa5e5d14dc0055eb435,94,ad,2,1,,0.375,,,True,,50-100,1-2,1,,,,,,,True,,,,0.1,0.375,"[0.375,0.375,0.125,0.125,0.125,0.375,0.125,0.125]",0.037500000000000006,unavailable:baseline_group_outputs_not_persisted,0.0,-0.015625
f1668ca638673a7c5e3562fb259c9c65fd121476c9cecf1d4e52b6100549f7cf,94,prod,3,1,,0.5,,,False,,50-100,3-4,1,,,,,,,,,,,0.1,0.5,"[0.5,0.5,0.5,0.5,0.125,0.125,0.125,0.125]",0.0,unavailable:baseline_group_outputs_not_persisted,0.0,-0.015625
119e3f527cc020d71c5beacacb45031def8f75c30ea6b041adbee0d4bd1ba93c,100,prod,2,2,,0.25,,,False,,100-150,1-2,2,,,,,,,,,,,0.1,0.25,"[0.125,0.125,0.25,0.25,0.125,0.125,0.125,0.125]",0.0,unavailable:baseline_group_outputs_not_persisted,-0.125,0.3125
bc0498e018bdd3399b55bb5f3b77e321ae15ef9e142b9906efe22d7e704a4641,100,prod,2,2,,0.25,,,False,,100-150,1-2,2,,,,,,,,,,,0.1,0.25,"[0.125,0.125,0.25,0.25,0.25,0.25,0.125,0.125]",0.0,unavailable:baseline_group_outputs_not_persisted,-0.125,0.3125
a28c925e07ca8faa7afcfa75882b61a9c3036c1657e4af995cc5a6ffe520d2a3,102,prod,2,2,,0.25,,,False,,100-150,1-2,2,,,,,,,,,,,0.1,0.25,"[0.25,0.125,0.125,0.25,0.125,0.125,0.25,0.25]",0.0,unavailable:baseline_group_outputs_not_persisted,0.046875,0.09375
8a27ccb17931890a0b4a730c68060763b6939392fef396f4a67436e45aba86a6,102,video,11,11,,0.25,,,False,,100-150,5+,3+,,,,,,,,,,,0.2,0.25,"[0.125,0.125,0.125,0.125,0.125,0.25,0.25,0.125]",0.0,unavailable:baseline_group_outputs_not_persisted,0.046875,0.09375
40c5143f486f8e047652ac44f19dfdeb02309aa136d72761d9986c675ec92f2e,104,ad,2,2,,0.5,,,False,,100-150,1-2,2,,,,,,,,,,,0.1,0.5,"[0.5,0.125,0.125,0.5,0.125,0.5,0.5,0.125]",0.0,unavailable:baseline_group_outputs_not_persisted,-0.203125,-0.09375
d45c49008c172189901a55bfcf094cc6d2ce429a76740614e6fe28adb073ea3b,104,video,12,8,,0.25,,,False,,100-150,5+,3+,,,,,,,,,,,0.2,0.25,"[0.125,0.25,0.125,0.25,0.125,0.125,0.125,0.125]",0.0,unavailable:baseline_group_outputs_not_persisted,-0.203125,-0.09375
b7293186fc1b2503be392a972d8f728d30402f23e530c0f84dd1d4c240b3be61,106,living,2,2,,0.125,,,False,,100-150,1-2,2,,,,,,,,,,,0.1,0.125,"[0.125,0.125,0.125,0.125,0.125,0.125,0.125,0.125]",0.0,unavailable:baseline_group_outputs_not_persisted,1.546875,1.46875
06342e3516bd54b7db3b4cbaab5bd5cd22f4885d5d2c984bcde23810e0baff01,106,prod,6,2,,0.375,,,False,,100-150,5+,2,,,,,,,,,,,0.1,0.375,"[0.375,0.125,0.375,0.375,0.375,0.125,0.375,0.375]",0.0,unavailable:baseline_group_outputs_not_persisted,1.546875,1.46875
ff62985956d9168edb6a7111482ba99c4b90534f0475b22ca3dc720fc3565fea,112,video,19,16,,0.25,,,False,,100-150,5+,3+,,,,,,,,,,,0.2,0.25,"[0.25,0.125,0.125,0.125,0.125,0.125,0.25,0.125]",0.0,unavailable:baseline_group_outputs_not_persisted,0.03125,-0.03125
67ab58f9ad082946b52ca1500ae4d6d55ed6f546c7c833fb4b686374589ce564,112,prod,2,2,,0.25,,,False,,100-150,1-2,2,,,,,,,,,,,0.1,0.25,"[0.25,0.125,0.125,0.125,0.125,0.25,0.125,0.125]",0.0,unavailable:baseline_group_outputs_not_persisted,0.03125,-0.03125
c4a730a681582c59f8a09e4784e4832a57be0755ed4cc69d6e8494963b358a0a,114,video,20,17,,0.375,,,False,,100-150,5+,3+,,,,,,,,,,,0.2,0.375,"[0.125,0.125,0.375,0.125,0.375,0.125,0.125,0.375]",0.0,unavailable:baseline_group_outputs_not_persisted,0.21875,0.25
cf90ee92683994f10d62264ea7fee5a8bc3de32ebbe08b1caa403757cecf5f58,114,video,14,11,,0.25,,,False,,100-150,5+,3+,,,,,,,,,,,0.2,0.25,"[0.125,0.25,0.125,0.125,0.125,0.125,0.25,0.125]",0.0,unavailable:baseline_group_outputs_not_persisted,0.21875,0.25
cf06cb7a094ce31fc28173c0b1fc82bb0d2074dce3775fc7204962cef4222eb6,116,ad,3,2,,0.75,,,False,,100-150,3-4,2,,,,,,,,,,,0.1,0.75,"[0.75,0.75,0.75,0.125,0.75,0.125,0.75,0.75]",0.0,unavailable:baseline_group_outputs_not_persisted,0.609375,1.140625
2e028f42872c6fd66b8297fc37f8e9b3645f27d0163dfbac8c71c5292b720329,116,video,12,10,,0.125,,,False,,100-150,5+,3+,,,,,,,,,,,0.2,0.125,"[0.125,0.125,0.125,0.125,0.125,0.125,0.125,0.125]",0.0,unavailable:baseline_group_outputs_not_persisted,0.609375,1.140625
b7e4d4511fa1408aa85399b08ebb8e052feebe7c0512ed4d71410d945a556f05,118,ad,2,2,0.375,0.25,True,False,True,lost_gold_a,100-150,1-2,2,False,False,True,True,1.0,True,True,False,False,0.0,0.1,0.25,"[0.125,0.25,0.25,0.25,0.125,0.25,0.25,0.25]",0.025,observed_directly:trace_every20,0.53125,-0.03125
0c186d14bafbc1a28a6c9eb589ea17afb27ea6e04411c5e1efaada44ac525e29,118,prod,2,2,,0.125,,,False,,100-150,1-2,2,,,,,,,,,,,0.1,0.125,"[0.125,0.125,0.125,0.125,0.125,0.125,0.125,0.125]",0.0,unavailable:baseline_group_outputs_not_persisted,0.53125,-0.03125
b6fea39a1bf187c715f59f6e66d65e7d18cd0a047d9e02c2aac81b07749b36bc,124,prod,2,2,,0.5,,,True,,100-150,1-2,2,,,,,,,True,,,,0.1,0.5,"[0.5,0.125,0.125,0.5,0.5,0.125,0.5,0.125]",0.05,unavailable:baseline_group_outputs_not_persisted,-0.015625,0.0
1ee593e5284d5773b470c17a676137aafe862db740c00bb5f81fabf4642a0302,124,prod,2,2,,0.375,,,True,,100-150,1-2,2,,,,,,,True,,,,0.1,0.375,"[0.125,0.375,0.375,0.125,0.125,0.375,0.125,0.125]",0.037500000000000006,unavailable:baseline_group_outputs_not_persisted,-0.015625,0.0
36dad14cd22e5786cb3e43ef8f2586c63dff82b0d0772191718bb539f631334e,126,prod,2,2,,0.25,,,False,,100-150,1-2,2,,,,,,,,,,,0.1,0.25,"[0.25,0.125,0.25,0.25,0.125,0.25,0.125,0.125]",0.0,unavailable:baseline_group_outputs_not_persisted,-0.09375,0.53125
0699177fb5346347fd46bae64fd3e71642bfb1f9c4b9e3c37d2d1748877f4c28,126,video,12,11,,0.25,,,False,,100-150,5+,3+,,,,,,,,,,,0.2,0.25,"[0.125,0.125,0.25,0.125,0.125,0.125,0.25,0.125]",0.0,unavailable:baseline_group_outputs_not_persisted,-0.09375,0.53125
1fcd0948aea44098db024fdec8fca37adeae8371dcd95098960e813e585db6ef,128,ad,2,2,,0.5,,,True,,100-150,1-2,2,,,,,,,True,,,,0.1,0.5,"[0.5,0.125,0.5,0.5,0.125,0.5,0.125,0.125]",0.05,unavailable:baseline_group_outputs_not_persisted,0.125,0.484375
2fbb89ca71192c54b77334f632acd194fef8072126bcf8ed40248af90a714f9f,128,ad,6,5,,0.25,,,False,,100-150,5+,3+,,,,,,,,,,,0.2,0.25,"[0.125,0.125,0.25,0.125,0.125,0.25,0.125,0.125]",0.0,unavailable:baseline_group_outputs_not_persisted,0.125,0.484375
ce21a6f86fbbf6fdae9b0636beffd14586c0a7ff1347814523b46b91437569db,130,ad,2,1,,0.125,,,False,,100-150,1-2,1,,,,,,,,,,,0.1,0.125,"[0.125,0.125,0.125,0.125,0.125,0.125,0.125,0.125]",0.0,unavailable:baseline_group_outputs_not_persisted,0.203125,0.1875
a2f4ebd777ef3bd7ff06c9868fc20c7e63b5503cb793778c5c7229568bbc22b7,130,prod,2,2,,0.375,,,False,,100-150,1-2,2,,,,,,,,,,,0.1,0.375,"[0.375,0.125,0.375,0.375,0.125,0.125,0.125,0.125]",0.0,unavailable:baseline_group_outputs_not_persisted,0.203125,0.1875
2a6242f5b050eb181d229a20799f37eabdf9b71e6ec0ba7072b492a338214bba,136,prod,2,1,,0.25,,,False,,100-150,1-2,1,,,,,,,,,,,0.1,0.25,"[0.125,0.125,0.25,0.25,0.125,0.25,0.125,0.25]",0.0,unavailable:baseline_group_outputs_not_persisted,0.09375,0.96875
89469262045023704737991e026af7ab9bcec2ba5b15e1cbd3d232f1561c16ba,136,ad,3,1,,0.625,,,False,,100-150,3-4,1,,,,,,,,,,,0.1,0.625,"[0.625,0.625,0.625,0.125,0.125,0.625,0.625,0.125]",0.0,unavailable:baseline_group_outputs_not_persisted,0.09375,0.96875
97c784270dfb4acf1f7f161ca2f0ed15d02f286d865f4443d7325040b1edea75,138,prod,2,2,,0.375,,,False,,100-150,1-2,2,,,,,,,,,,,0.1,0.375,"[0.125,0.375,0.125,0.125,0.125,0.125,0.375,0.375]",0.0,unavailable:baseline_group_outputs_not_persisted,0.015625,0.0625
a613353a507645a4c300ec8f826d931890bf54a3a6d60e87402b036cb066c093,138,ad,2,2,,0.25,,,True,,100-150,1-2,2,,,,,,,True,,,,0.1,0.25,"[0.25,0.25,0.125,0.25,0.125,0.125,0.125,0.25]",0.025,unavailable:baseline_group_outputs_not_persisted,0.015625,0.0625
6cb07a9f34605479d1ccdc927a8b3dddca1c47658eb12f14fe22f49bb774907f,140,video,14,12,,0.375,,,False,,100-150,5+,3+,,,,,,,,,,,0.2,0.375,"[0.375,0.125,0.125,0.125,0.375,0.125,0.125,0.375]",0.0,unavailable:baseline_group_outputs_not_persisted,0.625,1.484375
2265829cde3373db4881e93c00b9baa231bebd4a7442c9a93f7699f65757f5b1,140,ad,5,4,,0.375,,,False,,100-150,5+,3+,,,,,,,,,,,0.2,0.375,"[0.375,0.125,0.25,0.375,0.125,0.25,0.125,0.375]",0.0,unavailable:baseline_group_outputs_not_persisted,0.625,1.484375
3447ef18305a260a22097d338f7dd0493fc4337f826f0ae2402bd9431ee0547e,142,prod,2,1,,0.25,,,False,,100-150,1-2,1,,,,,,,,,,,0.1,0.25,"[0.125,0.25,0.125,0.125,0.25,0.25,0.125,0.25]",0.0,unavailable:baseline_group_outputs_not_persisted,0.65625,0.0625
c3f3f46fb3d5518acb4a975c373b1d6caba3d2faf9add77aa4cfc224634d4f5f,142,prod,2,2,,0.625,,,True,,100-150,1-2,2,,,,,,,True,,,,0.1,0.625,"[0.125,0.125,0.625,0.625,0.125,0.625,0.625,0.625]",0.0625,unavailable:baseline_group_outputs_not_persisted,0.65625,0.0625
088f1e67b7743d30d88414fb32637c59e3f2688e5b7bb703b08adb0578885af3,148,video,16,12,,0.25,,,False,,100-150,5+,3+,,,,,,,,,,,0.2,0.25,"[0.125,0.25,0.125,0.25,0.125,0.25,0.25,0.125]",0.0,unavailable:baseline_group_outputs_not_persisted,0.109375,0.140625
5d0b68a1956bc3dd811f2aeb967b629ab6346192b32c0c59c03acb38ff10ed02,148,ad,3,3,,0.25,,,True,,100-150,3-4,3+,,,,,,,True,,,,0.2,0.25,"[0.125,0.125,0.25,0.25,0.125,0.125,0.125,0.125]",0.05,unavailable:baseline_group_outputs_not_persisted,0.109375,0.140625
970a2fc504dcc3bfe9a098b6f67d94dd713eaa71f5a81b50ff1cc799d153ec6e,150,video,15,13,,0.25,,,False,,150-200,5+,3+,,,,,,,,,,,0.2,0.25,"[0.125,0.125,0.125,0.125,0.125,0.125,0.25,0.25]",0.0,unavailable:baseline_group_outputs_not_persisted,0.015625,0.09375
afa63af1f633d4149a1c3a28f081476dee73cb31dc7e9c3a7e3c16b0be026339,150,video,14,14,,0.25,,,False,,150-200,5+,3+,,,,,,,,,,,0.2,0.25,"[0.25,0.125,0.125,0.125,0.125,0.125,0.25,0.125]",0.0,unavailable:baseline_group_outputs_not_persisted,0.015625,0.09375
555f4b5612361ada7dc25cdab202fcc8c27d9329005132538e4546a760ccf084,152,ad,2,2,,0.125,,,True,,150-200,1-2,2,,,,,,,True,,,,0.1,0.125,"[0.125,0.125,0.125,0.125,0.125,0.125,0.125,0.125]",0.0125,unavailable:baseline_group_outputs_not_persisted,-0.078125,0.0
1abeacdef98debbce75392b9f3482d1ebda3c7a523cab76597e490e72b0fde3d,152,prod,2,2,,0.125,,,True,,150-200,1-2,2,,,,,,,True,,,,0.1,0.125,"[0.125,0.125,0.125,0.125,0.125,0.125,0.125,0.125]",0.0125,unavailable:baseline_group_outputs_not_persisted,-0.078125,0.0
0d63ce67704c57832b525625092ca93a3d169ccd3e534f3e868b3fd92e8e9c80,154,living,2,1,,0.375,,,False,,150-200,1-2,1,,,,,,,,,,,0.1,0.375,"[0.375,0.375,0.25,0.25,0.125,0.375,0.25,0.25]",0.0,unavailable:baseline_group_outputs_not_persisted,0.171875,0.171875
aeaad89f4ff836b72cacf6503749977d1fef8743304e656601454a6d281e4988,154,ad,2,2,,0.5,,,False,,150-200,1-2,2,,,,,,,,,,,0.1,0.5,"[0.5,0.125,0.25,0.5,0.5,0.25,0.125,0.5]",0.0,unavailable:baseline_group_outputs_not_persisted,0.171875,0.171875
dbdc2b1e83f6950024974ccd14550fe2b9112dc429a99114137ec4a0778c2d26,160,video,15,12,,0.375,,,True,,150-200,5+,3+,,,,,,,True,,,,0.2,0.375,"[0.125,0.375,0.125,0.125,0.375,0.125,0.125,0.375]",0.07500000000000001,unavailable:baseline_group_outputs_not_persisted,0.03125,0.0
babc50ffd95f54c42ca738d732cb552dadb287d66aac1bc679514ba7eff8b42a,160,video,11,9,,0.25,,,True,,150-200,5+,3+,,,,,,,True,,,,0.2,0.25,"[0.25,0.25,0.25,0.125,0.125,0.25,0.125,0.125]",0.05,unavailable:baseline_group_outputs_not_persisted,0.03125,0.0
9d1e3633d5057ea877251ea0741babd775eff4d82ce8697a8a1ce1362e1b871b,162,ad,2,2,,0.25,,,False,,150-200,1-2,2,,,,,,,,,,,0.1,0.25,"[0.125,0.125,0.25,0.25,0.25,0.125,0.25,0.125]",0.0,unavailable:baseline_group_outputs_not_persisted,0.0,-0.078125
c017412042a6c52384996c53924bdc9318844a7b572b34cb1f13e6f7529ed6f4,162,video,13,8,,0.375,,,False,,150-200,5+,3+,,,,,,,,,,,0.2,0.375,"[0.375,0.125,0.125,0.375,0.125,0.375,0.25,0.25]",0.0,unavailable:baseline_group_outputs_not_persisted,0.0,-0.078125
1e69a31d62cece5fd7a4f6155c0dc1f441d5f7b7609287c44f893e8a2c0fa63d,164,prod,3,2,,0.25,,,True,,150-200,3-4,2,,,,,,,True,,,,0.1,0.25,"[0.125,0.125,0.25,0.25,0.125,0.25,0.25,0.125]",0.025,unavailable:baseline_group_outputs_not_persisted,0.0,0.0
d40d72043402551a5b0e55070ef1dd7b28299bec9b1a1ff15bc23b36c0077f87,164,living,2,2,,0.375,,,True,,150-200,1-2,2,,,,,,,True,,,,0.1,0.375,"[0.125,0.125,0.125,0.375,0.125,0.375,0.125,0.375]",0.037500000000000006,unavailable:baseline_group_outputs_not_persisted,0.0,0.0
6d525c80cb7c8be63ccd444966c1c86688bed9dc6dd10c1b5d5847dd64e29bab,166,prod,3,3,,0.125,,,False,,150-200,3-4,3+,,,,,,,,,,,0.2,0.125,"[0.125,0.125,0.125,0.125,0.125,0.125,0.125,0.125]",0.0,unavailable:baseline_group_outputs_not_persisted,0.703125,0.65625
11364711f75e1a131a594bb279de9aa80b485176848a268184a0e2ed57d0f64f,166,video,20,13,,0.375,,,False,,150-200,5+,3+,,,,,,,,,,,0.2,0.375,"[0.125,0.25,0.375,0.375,0.125,0.125,0.375,0.25]",0.0,unavailable:baseline_group_outputs_not_persisted,0.703125,0.65625
a88e7f254ed1a874ee3e5c2da321835a799e2ea2292ba5e0c17d38dd83b2bfe9,172,prod,2,2,,0.25,,,False,,150-200,1-2,2,,,,,,,,,,,0.1,0.25,"[0.25,0.125,0.125,0.125,0.125,0.125,0.125,0.25]",0.0,unavailable:baseline_group_outputs_not_persisted,0.03125,0.015625
9d59ee7e816876bfd6de164fd43b9e3d43f37cc140235dfd981b7ac1379c0bbc,172,living,2,2,,0.375,,,True,,150-200,1-2,2,,,,,,,True,,,,0.1,0.375,"[0.375,0.125,0.125,0.125,0.375,0.125,0.375,0.125]",0.037500000000000006,unavailable:baseline_group_outputs_not_persisted,0.03125,0.015625
8346f83b1e8184f4e3f4455397f79f8e657530407540be80f1ef030fb5f7efdb,174,prod,2,1,,0.75,,,False,,150-200,1-2,1,,,,,,,,,,,0.1,0.75,"[0.75,0.75,0.75,0.75,0.125,0.75,0.125,0.75]",0.0,unavailable:baseline_group_outputs_not_persisted,0.8125,1.921875
31c0cd92985b7f2a76db78a439db59f89949f27c0babb5af84a51eeb9d39d241,174,video,19,15,,0.25,,,False,,150-200,5+,3+,,,,,,,,,,,0.2,0.25,"[0.25,0.125,0.125,0.125,0.125,0.125,0.125,0.25]",0.0,unavailable:baseline_group_outputs_not_persisted,0.8125,1.921875
216f2e0d7fd240a05230a9b98fe069bedd68626b547fbc3ba4fb6bbf6be74554,176,prod,2,2,,0.25,,,True,,150-200,1-2,2,,,,,,,True,,,,0.1,0.25,"[0.125,0.25,0.125,0.125,0.25,0.25,0.25,0.125]",0.025,unavailable:baseline_group_outputs_not_persisted,0.0,0.0
c8aafede16125b5f0d90aed2b85d9823d0469d79989628571aa822214714e033,176,ad,2,2,,0.5,,,True,,150-200,1-2,2,,,,,,,True,,,,0.1,0.5,"[0.5,0.5,0.25,0.25,0.5,0.5,0.125,0.125]",0.05,unavailable:baseline_group_outputs_not_persisted,0.0,0.0
a73f751be9c4d0fa5f9b9623176a52ef7c5066a6321160272646c0cae31f1905,178,video,11,9,,0.25,,,False,,150-200,5+,3+,,,,,,,,,,,0.2,0.25,"[0.25,0.125,0.25,0.125,0.125,0.125,0.125,0.125]",0.0,unavailable:baseline_group_outputs_not_persisted,0.140625,0.15625
2c65d4ea518bb211a1912fcf17ad3c59159cad840462958368f3964fd348f45a,178,ad,2,2,,0.25,,,True,,150-200,1-2,2,,,,,,,True,,,,0.1,0.25,"[0.125,0.125,0.125,0.25,0.125,0.25,0.125,0.125]",0.025,unavailable:baseline_group_outputs_not_persisted,0.140625,0.15625
bba5b030faadcf76800e36c9700cbec005e87580580150452877df4458e57ba1,184,video,16,15,,0.25,,,False,,150-200,5+,3+,,,,,,,,,,,0.2,0.25,"[0.125,0.125,0.125,0.25,0.125,0.125,0.25,0.125]",0.0,unavailable:baseline_group_outputs_not_persisted,0.1875,0.09375
06551b1a41909c7a5024bff8c91c1fee48439a436243547b2e69d0b5b91ab29c,184,prod,2,1,,0.125,,,True,,150-200,1-2,1,,,,,,,True,,,,0.1,0.125,"[0.125,0.125,0.125,0.125,0.125,0.125,0.125,0.125]",0.0125,unavailable:baseline_group_outputs_not_persisted,0.1875,0.09375
e5c10d32bb476707138fd008dde354ee5f0e6d35c3fb3b02bc295defd00e2296,186,video,13,12,,0.125,,,False,,150-200,5+,3+,,,,,,,,,,,0.2,0.125,"[0.125,0.125,0.125,0.125,0.125,0.125,0.125,0.125]",0.0,unavailable:baseline_group_outputs_not_persisted,0.21875,0.4375
b87cdc0f8e1d7668ee5e674a725af6b6614d5892cfafbc02dde600ec63c7ab76,186,video,20,13,,0.5,,,False,,150-200,5+,3+,,,,,,,,,,,0.2,0.5,"[0.25,0.125,0.5,0.25,0.5,0.5,0.125,0.5]",0.0,unavailable:baseline_group_outputs_not_persisted,0.21875,0.4375
327d6f60fc454d552f6c7d399d02c1baa2c07b72958ee9f8dc4870bd89b1a092,188,living,2,2,,0.125,,,False,,150-200,1-2,2,,,,,,,,,,,0.1,0.125,"[0.125,0.125,0.125,0.125,0.125,0.125,0.125,0.125]",0.0,unavailable:baseline_group_outputs_not_persisted,0.09375,0.5625
d24a52c829b5e75afffb8608a25031997b38272b51c9d3f547c949422ee0b90d,188,ad,5,5,,0.5,,,False,,150-200,5+,3+,,,,,,,,,,,0.2,0.5,"[0.25,0.125,0.5,0.5,0.5,0.125,0.25,0.5]",0.0,unavailable:baseline_group_outputs_not_persisted,0.09375,0.5625
ea0f739a505528c1504a72a5d97bc5544cacdf1dbbb98c38c6bb166b2d55ee9c,190,ad,5,3,,0.375,,,False,,150-200,5+,3+,,,,,,,,,,,0.2,0.375,"[0.375,0.375,0.125,0.125,0.125,0.125,0.375,0.125]",0.0,unavailable:baseline_group_outputs_not_persisted,0.1875,0.25
760e9cc6bcf405bf8a3625aefa027f66cd580f0eb5f81712b8a64096620e94be,190,video,20,13,,0.375,,,False,,150-200,5+,3+,,,,,,,,,,,0.2,0.375,"[0.375,0.125,0.125,0.125,0.375,0.125,0.125,0.375]",0.0,unavailable:baseline_group_outputs_not_persisted,0.1875,0.25
15617a4b50054f1364eb61474c0dd0ecae0518132a4283e8abac0de9b2a75587,196,prod,2,2,,0.375,,,True,,150-200,1-2,2,,,,,,,True,,,,0.1,0.375,"[0.125,0.125,0.125,0.375,0.125,0.125,0.375,0.375]",0.037500000000000006,unavailable:baseline_group_outputs_not_persisted,-0.03125,0.03125
46cffa95d4666375cef8cf1e1cc9f23fd14cdacb44ddcaec414fc716d1f67ff2,196,living,2,1,,0.625,,,False,,150-200,1-2,1,,,,,,,,,,,0.1,0.625,"[0.25,0.625,0.25,0.125,0.625,0.625,0.625,0.625]",0.0,unavailable:baseline_group_outputs_not_persisted,-0.03125,0.03125
4c1e5e1af4579acea16bccde01348c97c8c5d0a39f0b396b22c1cbb1c9663386,198,prod,3,1,0.375,0.375,True,False,True,lost_gold_a,150-200,3-4,1,False,False,True,True,3.0,True,True,False,False,0.0,0.1,0.375,"[0.125,0.25,0.375,0.375,0.25,0.125,0.125,0.375]",0.037500000000000006,observed_directly:trace_every20,1.484375,0.078125
6a3aa2c8c35a2221423c4e7cd1ee06f53237251b80e538151165a7f3a8de9f35,198,prod,2,1,,0.375,,,False,,150-200,1-2,1,,,,,,,,,,,0.1,0.375,"[0.375,0.125,0.375,0.375,0.125,0.125,0.125,0.125]",0.0,unavailable:baseline_group_outputs_not_persisted,1.484375,0.078125
